id,kind,concept_id,concept_label,digital_potential,is_hidden,law_title,law_num,article,caption,quote,reason,amendment_type,current_phrase,amended_phrase,note
J002,judgment,C01_taimen_shutto,対面・出頭・物理的同席の強制,high,0,日本銀行法,平成九年法律第八十九号,第十九条,（政府からの出席等）,,金融政策決定会合への大臣・職員の「出席」を前提とする規定であり、オンライン会議による出席・意見陳述で代替可能性が高い。,遠隔化許容,必要に応じ、金融調節事項を議事とする会議に出席して意見を述べ、又はそれぞれの指名するその職員を当該会議に出席させて意見を述べさせることができる。,必要に応じ、金融調節事項を議事とする会議に出席して意見を述べ、又はそれぞれの指名するその職員を当該会議に出席させて意見を述べさせることができる。この場合において、当該出席は、映像と音声の送受信により相手の状態を相互に認識しながら通話をすることができる方法によってすることができる。,民訴法のウェブ会議規定に倣った方式であり、議事の機密性確保のため通信の安全性に関する内規整備が前提となる。
J006,judgment,C01_taimen_shutto,対面・出頭・物理的同席の強制,high,0,民事執行法,昭和五十四年法律第四号,第九十一条,（配当等の額の供託）,,配当等の受領のため執行裁判所への物理的出頭を前提とする規定であり、電子送金・オンライン受領手続で代替可能性が高い。,遠隔化許容（口座振込による非出頭受領）,配当等の受領のために執行裁判所に出頭しなかつた債権者,配当等の受領のために執行裁判所に出頭せず、かつ、最高裁判所規則で定めるところにより預金又は貯金の口座への振込みその他の出頭によらない方法による受領の申出をしなかつた債権者,令和5年民事執行法改正（民事訴訟手続IT化関連）による電子化措置と整合させ、供託は非出頭受領の申出もない場合の最終手段と位置付ける。
J007,judgment,C01_taimen_shutto,対面・出頭・物理的同席の強制,high,0,農住組合法,昭和五十五年法律第八十六号,第五十条,（特別議決事項）,,特別議決に総組合員の半数以上の総会「出席」を要件としており、電磁的方法による議決権行使・オンライン総会で代替可能。,遠隔化許容（電磁的議決権行使のみなし出席）,総組合員（准組合員を除く。）の半数以上が出席し、その議決権の三分の二以上の多数による議決を必要とする,総組合員（准組合員を除く。）の半数以上が出席し（書面又は電磁的方法により議決権を行使した者及び映像と音声の送受信により相互に認識しながら通話をすることができる方法により総会に出席した者を出席者とみなす。）、その議決権の三分の二以上の多数による議決を必要とする,産業組合法系他法（農協法・中協法等）の議決権行使規定と横並びで整備することが望ましい。
J008,judgment,C01_taimen_shutto,対面・出頭・物理的同席の強制,high,0,国家公務員災害補償法,昭和二十六年法律第百九十一号,第二十七条の二,（支払の一時差止め）,,補償受給者に出頭・文書提出等を事実上義務付け（不履行で支払差止め）ており、オンライン面談・電子提出で代替可能性が高い。,遠隔化許容・媒体中立化,文書その他の物件を提出せず、出頭をせず、若しくは医師の診断を拒み、又は前条第一項の規定による質問に対して答弁をしなかつたとき,文書その他の物件（これらに係る電磁的記録を含む。）を提出せず、出頭（映像と音声の送受信により相手の状態を相互に認識しながら通話をすることができる方法によるものを含む。）をせず、若しくは医師の診断を拒み、又は前条第一項の規定による質問（当該方法によるものを含む。）に対して答弁をしなかつたとき,不利益処分（支払差止め）の要件規定であるため、オンライン手段を尽くした上でなお不応諾の場合に限る運用を明確化すべきである。
J009,judgment,C01_taimen_shutto,対面・出頭・物理的同席の強制,high,0,酒税の保全及び酒類業組合等に関する法律,昭和二十八年法律第七号,第五十六条,,,合併創立総会の議事に組合員総数の半数以上の「出席」を要件とし、オンライン総会・電子投票による代替可能性が高い。,電磁的代替の追加（オンライン総会・電子投票の許容）,第二項の創立総会の議事は、合併に因り消滅する酒類業組合の組合員の総数の半数以上が出席して、その議決権の三分の二以上で決する。,第二項の創立総会の議事は、合併により消滅する酒類業組合の組合員の総数の半数以上（書面又は電磁的方法により議決権を行使した者を含む。）が出席して、その議決権の三分の二以上で決する。この場合において、当該創立総会は、電磁的方法により組合員が出席することができる方法により開くことができる。,産業競争力強化法の場所の定めのない株主総会の先例に倣い、定足数算定における電磁的出席の取扱いを明確化する必要がある。
J010,judgment,C01_taimen_shutto,対面・出頭・物理的同席の強制,high,0,石綿による健康被害の救済に関する法律,平成十八年法律第四号,第七十二条,（特別遺族年金の支給の一時差止め）,,特別遺族年金受給者への出頭・文書提出要求を前提（不履行で支給差止め）としており、オンライン聴取・電子提出で代替可能。,電磁的代替の追加・遠隔化許容,文書その他の物件の提出若しくは出頭を求められて、正当な理由がなくこれに従わず,文書その他の物件の提出（電磁的方法による提出を含む。）若しくは出頭（映像と音声の送受信により相手の状態を相互に認識しながら通話をすることができる方法による陳述を含む。）を求められて、正当な理由がなくこれに従わず,出頭・提出要求の根拠規定である第七十条側にオンライン聴取・電子提出の許容を明記する改正が本体となり、本条はこれに連動して整理する。
J014,judgment,C01_taimen_shutto,対面・出頭・物理的同席の強制,high,0,ハンセン病元患者家族に対する補償金の支給等に関する法律,令和元年法律第五十五号,第十三条,（請求に係る審査）,,審査会が請求者等に「出頭を命じる」ことができる規定で（書面確認には電磁的記録を許容するが出頭自体の代替は未規定）、オンライン聴取で代替可能。,遠隔化許容（ウェブ会議による聴取）,報告をさせ、文書その他の物件を提出させ、又は出頭を命じることができる。,報告をさせ、文書その他の物件を提出させ、又は出頭を命じることができる。この場合において、出頭に代えて、映像と音声の送受信により相手の状態を相互に認識しながら通話をすることができる方法により陳述させることができる。,請求者に高齢者が多い制度趣旨に照らし、オンライン聴取は本人の負担軽減のための選択肢として整備する。
J022,judgment,C02_jicchi_kakunin,実地・現地・目視による確認,high,0,東京湾横断道路の建設に関する特別措置法,昭和六十一年法律第四十五号,第十二条,（立入検査）,,事業者の営業所等への立入りによる帳簿・書類等の検査を規定するが、対象が書類中心の監督検査でありリモート監査・電子提出で代替可能性が高い。,電磁的代替の追加（リモート監査許容）,その職員に、東京湾横断道路建設事業者の営業所、事務所その他の事業場に立ち入り、帳簿、書類その他の物件を検査させることができる,東京湾横断道路建設事業者に対し必要な報告若しくは資料の提出（電磁的方法によるものを含む。）を求め、又はその職員に、東京湾横断道路建設事業者の営業所、事務所その他の事業場に立ち入り、帳簿、書類その他の物件（電磁的記録を含む。）を検査させることができる,書類中心の監督検査であるため、報告徴収・電子提出を第一次的手段とし、立入検査を補完的に位置付ける運用が可能となる。
J026,judgment,C02_jicchi_kakunin,実地・現地・目視による確認,high,0,日本語教育の適正かつ確実な実施を図るための日本語教育機関の認定等に関する法律,令和五年法律第四十一号,第三十七条,（報告徴収及び立入検査）,,指定試験機関への立入検査を規定するが、対象は試験事務の帳簿・書類中心であり電子報告・リモート監査で代替可能性が高い。,遠隔化許容,その職員に、指定試験機関の事務所その他必要な場所に立ち入り、試験事務に関し質問させ、若しくは帳簿、書類その他の物件を検査させることができる。,その職員に、指定試験機関の事務所その他必要な場所に立ち入り、試験事務に関し質問させ、若しくは帳簿、書類その他の物件（これらに係る電磁的記録を含む。）を検査させ、又は情報通信技術を利用する方法により質問させ、若しくは当該物件を検査させることができる。,対象が帳簿・書類中心の指定法人監査であるため、リモート監査を原則とし立入りを補充的とする運用指針の整備が望ましい。
J029,judgment,C02_jicchi_kakunin,実地・現地・目視による確認,high,0,自動車重量税法,昭和四十六年法律第八十九号,第十条の六,（納付受託者の帳簿保存等の義務）,,納付受託者への立入検査を規定しており、帳簿は電磁的記録を許容済みだが検査手段としては職員の物理的立入りを前提としておりリモート監査で代替可能。,遠隔化許容（リモート検査の追加）,その職員に、納付受託者の事務所に立ち入り、納付受託者の帳簿書類,その職員に、納付受託者の事務所に立ち入らせ、又は映像と音声の送受信その他の情報通信の技術を利用する方法により、納付受託者の帳簿書類,帳簿の電磁的保存は既に許容されているため、電磁的記録の提出を受ける方法によるオフサイト検査を原則とする運用も検討に値する。
J031,judgment,C02_jicchi_kakunin,実地・現地・目視による確認,high,0,勤労者財産形成促進法,昭和四十六年法律第九十二号,第七条の二十九,（報告等）,,基金の事務所への立入検査を規定しており、帳簿書類（電磁的記録許容済み）の検査・質問が中心でリモート監査・電子提出により代替可能性が高い。,遠隔化許容（リモート監査の追加）,当該職員に、基金の事務所に立ち入つて関係者に対して質問し,当該職員に、基金の事務所に立ち入つて関係者に対して質問し（映像及び音声の送受信により相手の状態を相互に認識しながら通話をすることができる方法により質問することを含む。）,帳簿書類は既に電磁的記録が許容されているため、電磁的記録の検査を情報通信技術を利用する方法により行うことができる旨の項を併せて追加することが望ましい。
J032,judgment,C03_shomen_kofu,書面・文書の作成／交付／提出義務,high,0,地方自治法,昭和二十二年法律第六十七号,第九条の二,,,市町村境界の決定を「文書を以て」行い関係市町村に交付することを義務付けており、電子文書による決定・送達で代替可能性が高い。,媒体中立化,前項の規定による決定は、文書を以てこれをし、その理由を附けてこれを関係市町村に交付しなければならない。,前項の規定による決定は、文書（電磁的記録を含む。）を以てこれをし、その理由を附けてこれを関係市町村に交付（電磁的方法による提供を含む。）しなければならない。,第四項の出訴期間の起算点である「決定書の交付を受けた日」について、電磁的提供の場合の到達時点を明確化する必要がある。
J033,judgment,C03_shomen_kofu,書面・文書の作成／交付／提出義務,high,0,銃砲刀剣類所持等取締法,昭和三十三年法律第六号,第四条の二,（許可の申請）,,所持許可の申請に許可申請書の提出と医師の診断書等の添付を義務付けており、オンライン申請・電子添付書類で代替可能性が高い。,電磁的代替の追加（オンライン申請）,住所地又は法人の事業場の所在地を管轄する都道府県公安委員会に、次に掲げる事項を記載した許可申請書を提出しなければならない。,住所地又は法人の事業場の所在地を管轄する都道府県公安委員会に、次に掲げる事項を記載した許可申請書を提出（電子情報処理組織を使用する方法による提出を含む。）しなければならない。,添付を要する医師の診断書についても、医師の電子署名を付した電磁的記録による添付を内閣府令で許容する必要がある。
J034,judgment,C03_shomen_kofu,書面・文書の作成／交付／提出義務,high,0,土地収用法,昭和二十六年法律第二百十九号,第百三十六条,（代理人）,,代理人の権限を「書面をもつて」証明することを義務付けており、電子委任状・電子署名で代替可能性が高い。,媒体中立化（電子委任状の許容）,前項の代理人は、書面をもつて、その権限を証明しなければならない,前項の代理人は、書面又は電磁的記録（電子署名が行われているものその他の国土交通省令で定めるものに限る。）をもつて、その権限を証明しなければならない,電子委任状の普及の促進に関する法律に基づく電子委任状の利用を省令で位置付けることが考えられる。
J035,judgment,C03_shomen_kofu,書面・文書の作成／交付／提出義務,high,0,滞納処分と強制執行等との手続の調整に関する法律,昭和三十二年法律第九十四号,第七条,（強制執行による差押えの取消しの方法）,,差押えの取消しを「書面を徴収職員等に交付することによつて」行うと手段を書面交付に限定しており、機関間の電子通知で代替可能。,電磁的代替の追加,執行官が差押えを取り消す旨の書面を徴収職員等に交付することによつてする。,執行官が差押えを取り消す旨の書面を徴収職員等に交付し、又は当該書面に記載すべき事項を電子情報処理組織を使用する方法により徴収職員等に通知することによつてする。,取消しの効力発生時点を明確にするため、電子通知の到達時期に関する規定を併せて整備する必要がある。
J036,judgment,C03_shomen_kofu,書面・文書の作成／交付／提出義務,high,0,ガス事業法,昭和二十九年法律第五十一号,第百八十五条,（苦情の申出）,,苦情の申出を「理由を記載した文書を提出して」行うことを求めており、オンラインフォーム・電子申請で代替可能性が高い。,電磁的代替の追加（オンライン申出の許容）,理由を記載した文書を提出して苦情の申出,理由を記載した文書若しくは当該文書に記載すべき事項を記録した電磁的記録を提出し、又は電子情報処理組織を使用する方法により当該事項を提供して苦情の申出,
J037,judgment,C03_shomen_kofu,書面・文書の作成／交付／提出義務,high,0,農住組合法,昭和五十五年法律第八十六号,第四十三条,（役員の改選の請求）,,役員改選請求を「改選の理由を記載した書面」の提出により行い、その書面の送付も義務付けており、電磁的方法で代替可能。,電磁的代替の追加,改選の理由を記載した書面を理事に提出してしなければならない,改選の理由を記載した書面を理事に提出し、又は当該書面に記載すべき事項を電磁的方法（電子情報処理組織を使用する方法その他の情報通信の技術を利用する方法をいう。）により理事に提供してしなければならない,第五項の役員への書面送付についても電磁的方法による提供を併せて許容する改正が必要。
J038,judgment,C03_shomen_kofu,書面・文書の作成／交付／提出義務,high,0,消防法,昭和二十三年法律第百八十六号,第十七条の二の二,,,特殊消防用設備等の認定申請に申請書と評価結果を記載した書面の添付を義務付けており、電子申請で代替可能性が高い。,電磁的代替の追加,申請書に設備等設置維持計画及び当該評価結果を記載した書面を添えて、総務大臣に申請しなければならない,申請書に設備等設置維持計画及び当該評価結果を記載した書面（これらの事項を記録した電磁的記録を含む。）を添えて、総務大臣に申請しなければならない。この場合において、当該申請は、電子情報処理組織を使用する方法により行うことができる,第二項の「書面により…審査し」の部分も併せて「書面又は電磁的記録により」と改める必要がある。
J039,judgment,C03_shomen_kofu,書面・文書の作成／交付／提出義務,high,0,弁理士法,平成十二年法律第四十九号,第四十七条の三,（指定社員）,,指定社員の指定を依頼者へ「書面により」通知することを義務付けており、電磁的方法による通知で代替可能性が高い。,媒体中立化（電磁的方法の追加）,指定事件の依頼者に対し、その旨を書面により通知しなければならない。,指定事件の依頼者に対し、その旨を書面又は電磁的方法（電子情報処理組織を使用する方法その他の情報通信の技術を利用する方法であって経済産業省令で定めるものをいう。）により通知しなければならない。,同旨の規定を置く弁護士法人・司法書士法人等の各士業法と横並びで一括整備することが望ましい。
J040,judgment,C03_shomen_kofu,書面・文書の作成／交付／提出義務,high,1,国際的な子の奪取の民事上の側面に関する条約の実施に関する法律,平成二十五年法律第四十八号,第六十一条,（調書の作成等）,,裁判所書記官に期日ごとの調書作成を義務付けており、裁判手続のIT化の流れの中で電子調書により代替可能性が高い。,電子調書化（媒体中立化）,裁判所書記官は、子の返還申立事件の手続の期日について、調書を作成しなければならない,裁判所書記官は、子の返還申立事件の手続の期日について、電子調書（期日における手続の方式、内容及び経過を記録し、公証するため、最高裁判所規則で定めるところにより裁判所書記官が作成する電磁的記録をいう。）を作成しなければならない,令和四年民事訴訟法改正の電子調書規定（民訴法百六十条）に倣い、家事事件手続法のIT化改正と同時に整備するのが自然である。
J041,judgment,C03_shomen_kofu,書面・文書の作成／交付／提出義務,high,0,大規模小売店舗立地法,平成十年法律第九十一号,第五条,（大規模小売店舗の新設に関する届出等）,,届出への書類添付と縦覧場所での四月間の物理的縦覧を義務付けており、電子届出・インターネット公表で代替可能性が高い。,電磁的代替の追加（インターネット公表）,当該届出及び前項の添付書類を公告の日から四月間縦覧に供しなければならない。,当該届出及び前項の添付書類を公告の日から四月間縦覧に供し、又はインターネットの利用その他の適切な方法により公表しなければならない。,都市計画法等の縦覧規定のデジタル化先例に倣い、公告事項（縦覧場所）の規定ぶりも併せて改める必要がある。
J042,judgment,C03_shomen_kofu,書面・文書の作成／交付／提出義務,high,0,工業用水法,昭和三十一年法律第百四十六号,第六条,（経過措置）,,届出書の都道府県知事への提出と図面その他の書類の添附を義務付けており、電子申請・電子図面で代替可能性が高い。,媒体中立化,前項の届出書には、井戸の設置の場所を示す図面その他経済産業省令、環境省令で定める書類を添附しなければならない。,前項の届出書には、井戸の設置の場所を示す図面その他経済産業省令、環境省令で定める書類（これらの図面又は書類に記載すべき事項を記録した電磁的記録を含む。）を添付しなければならない。,届出書本体のオンライン提出はデジタル手続法により可能であり、添付図書の電磁的記録許容と併せて「添附」の表記整備も行う。
J043,judgment,C03_shomen_kofu,書面・文書の作成／交付／提出義務,high,0,火薬類取締法,昭和二十五年法律第百四十九号,第十七条,（譲渡又は譲受けの許可）,,譲渡・譲受許可証の交付・提示・書換えという物理的許可証の運用を義務付けており、電子的許可証・データベース照会で代替可能性が高い。,電子的許可証の許容（媒体中立化）,経済産業省令で定めるところにより、譲渡許可証又は譲受許可証を交付しなければならない,経済産業省令で定めるところにより、譲渡許可証又は譲受許可証を交付（これらの許可証に記載すべき事項を記録した電磁的記録の提供を含む。）しなければならない,第五項の譲受許可証の「提示」についても、電子計算機の映像面への表示その他の方法による確認を認める規定を併せて整備する必要がある。
J047,judgment,C03_shomen_kofu,書面・文書の作成／交付／提出義務,high,0,消費税法,昭和六十三年法律第百八号,第十五条の二,（特定プラットフォーム事業者を介して行う電気通信利用役務の提供に関するこの法律の適用）,,特定プラットフォーム事業者関連の届出書を税務署長経由で提出させ、指定を「書面により」通知する規定であり、e-Tax等の電子手続で代替可能性が高い（電磁的記録への言及は課税対象の定義であり手続の代替ではない）。,電磁的代替の追加,当該特定プラットフォーム事業者に対し、書面によりその旨を通知する,当該特定プラットフォーム事業者に対し、書面又は電磁的方法によりその旨を通知する,指定の効力発生日の起算点となる「通知を発した日」について、電磁的方法による場合の発信時点を政令で明確化することが望ましい。
J051,judgment,C04_genpon_fukusuu,原本・謄本・正副・複数通提出の要求,high,0,特許法,昭和三十四年法律第百二十一号,第百二十条の六,（決定の方式）,,特許異議の決定を文書をもって行い謄本の送達を義務付けており、電子的な作成・送達で代替可能性が高い。,媒体中立化（電子決定書）,特許異議の申立てについての決定は、次に掲げる事項を記載した文書をもつて行わなければならない。,特許異議の申立てについての決定は、次に掲げる事項を記載した文書又は電磁的記録をもつて行わなければならない。,第二項の謄本送達についても、工業所有権手続等特例法のオンライン送達制度により電子的に行える旨を併せて整備する。
J053,judgment,C04_genpon_fukusuu,原本・謄本・正副・複数通提出の要求,high,0,採石法,昭和二十五年法律第二百九十一号,第三十四条,（鉱業権者との協議）,,申請書の副本の交付と決定書の謄本の交付を義務付けており電子交付で代替可能（当事者の出頭を求める公開意見聴取も来訪前提）。,電磁的代替の追加＋遠隔化許容,その申請書の副本を鉱業権者又は採石業者に交付するとともに、当事者の出頭を求めて、公開による意見の聴取を行わなければならない,その申請書の副本を鉱業権者又は採石業者に交付し（電磁的方法による提供を含む。）、当事者の出頭（映像と音声の送受信により相手の状態を相互に認識しながら通話をすることができる方法によるものを含む。）を求めて、公開による意見の聴取を行わなければならない,第六項の決定書謄本の交付についても併せて電磁的方法による提供を許容する改正が必要である。
J055,judgment,C04_genpon_fukusuu,原本・謄本・正副・複数通提出の要求,high,1,金融商品取引法,昭和二十三年法律第二十五号,第百一条の二十,（登記）,,組織変更の登記申請に議事録・各種証明書面など多数の紙書面の添付を義務付けており、電子申請・電子添付で代替可能。,媒体中立化（電磁的記録の添付許容）,前項の設立の登記の申請書には、商業登記法第十八条、第十九条及び第四十六条に定める書面のほか、次に掲げる書面を添付しなければならない。,前項の設立の登記の申請書には、商業登記法第十八条、第十九条及び第四十六条に定める書面のほか、次に掲げる書面（当該書面に記載すべき事項を記録した電磁的記録が作成されている場合にあつては、当該電磁的記録）を添付しなければならない。,商業登記法第十九条の二（電磁的記録の添付）の適用関係を整理し、オンライン申請での完結を担保する。
J064,judgment,C05_oin_shomei,押印・署名・印鑑の要求,high,0,密集市街地における防災街区の整備の促進に関する法律,平成九年法律第四十九号,第七十四条,（役員の改選の請求）,,役員改選請求に総組合員の五分の一以上の連署と理由書面の提出を義務付けており、電子署名・電子申請で代替可能。,電磁的代替の追加,改選の理由を記載した書面を理事に提出してしなければならない,改選の理由を記載した書面を理事に提出し、又は当該書面に記載すべき事項を電磁的方法（電子情報処理組織を使用する方法その他の情報通信の技術を利用する方法をいう。）により理事に提供してしなければならない,第一項の連署についても、電子署名による連署の代替（電磁的記録に記録された同意を含む旨）を併せて手当てすることが望ましい。
J069,judgment,C05_oin_shomei,押印・署名・印鑑の要求,high,0,資産の流動化に関する法律,平成十年法律第百五号,第百四十二条,（新優先出資引受権証券の発行と方式）,,新優先出資引受権証券の券面発行と代表取締役の署名・記名押印を義務付けており、株券電子化と同様のペーパーレス化で代替可能。,電磁的代替の追加（電子署名許容）,新優先出資引受権証券には、次に掲げる事項及び番号を記載し、代表取締役がこれに署名し、又は記名押印しなければならない。,新優先出資引受権証券には、次に掲げる事項及び番号を記載し、代表取締役がこれに署名し、若しくは記名押印し、又はこれらに代わる措置として法務省令で定める電子署名を行わなければならない。,株券電子化（社債、株式等の振替に関する法律）に倣い、券面自体の無券面化・振替制度への移行を中期的に検討すべきである。
J071,judgment,C05_oin_shomei,押印・署名・印鑑の要求,high,0,都市再開発法,昭和四十四年法律第三十八号,第二十六条,（役員の解任請求）,,理事・監事の解任請求に総組合員の三分の一以上の連署を義務付けており、電子署名で代替可能。,電磁的代替の追加（電子署名の許容）,組合員は、総組合員の三分の一以上の連署をもつて、その代表者から、組合に対し、理事又は監事の解任の請求をすることができる。,組合員は、総組合員の三分の一以上の連署（電子署名及び認証業務に関する法律第二条第一項に規定する電子署名が行われた電磁的記録によるものを含む。）をもつて、その代表者から、組合に対し、理事又は監事の解任の請求をすることができる。,紙の連署と電子署名の混在を許容する場合の名寄せ・重複確認の方法を政令で定める必要がある。
J073,judgment,C05_oin_shomei,押印・署名・印鑑の要求,high,0,戸籍法,昭和二十二年法律第二百二十四号,第三十三条,,,証人を要する届出について届書への記載と署名を義務付けており、戸籍届出のオンライン化・電子署名で代替可能。,電子署名代替（オンライン届出の許容）,証人は、届書に出生の年月日、住所及び本籍を記載して署名しなければならない,証人は、届書に出生の年月日、住所及び本籍を記載して署名し、又は電子情報処理組織を使用する方法による届出にあっては、法務省令で定めるところにより、氏名並びに出生の年月日、住所及び本籍を明らかにし、かつ、署名に代わる措置を講じなければならない,戸籍届出全体のオンライン化（戸籍法第二十七条の三等）と一体で、証人の関与を電子的に担保する本人確認手段（電子署名等）の水準を法務省令で定める。
J074,judgment,C05_oin_shomei,押印・署名・印鑑の要求,high,0,公証人法,明治四十一年法律第五十三号,第五十四条,（認証を与える私署証書等の記載事項）,,私署証書の認証に公証人・証人の署名押印と認証簿への契印を義務付けており、電子公証制度の拡張で代替可能。,電磁的代替の追加（電子認証への拡張）,法務省令で定める事項を記載した上、当該公証人及び証人が署名押印しなければならない,法務省令で定める事項を記載（電磁的記録にあつては、記録）した上、当該公証人及び証人が署名押印し、又は署名押印に代わる措置として法務省令で定める電子署名をしなければならない。この場合において、当該公証人は、当該私署証書又はその謄本と認証簿とに契印をし、又は契印に代わるものとして法務省令で定める措置を講じなければならない,既存の電磁的記録の認証制度（公証人法第六十二条ノ六以下）との適用関係を整理し、認証簿の電子化と一体で措置する必要がある。
J075,judgment,C05_oin_shomei,押印・署名・印鑑の要求,high,0,鉄道抵当法,明治三十八年法律第五十三号,第四十五条,,,競売手続開始決定への裁判官の署名捺印（記名捺印）を義務付けており、裁判手続IT化による電子裁判書で代替可能。,電磁的代替の追加（電子裁判書）,決定ヲ為シタル裁判官之ニ署名捺印スヘシ,決定ヲ為シタル裁判官之ニ署名捺印スヘシ　但シ署名捺印ニ代ヘテ記名捺印シ又ハ電磁的記録ニ最高裁判所規則ノ定ムル裁判官ノ氏名ヲ明カニスル措置ヲ講スルコトヲ得,片仮名文語体の法律であり、改正に際しては現代語化と併せた全体整備を検討すべきである。
J078,judgment,C05_oin_shomei,押印・署名・印鑑の要求,high,0,刑事訴訟法,昭和二十三年法律第百三十一号,第百七条,,,差押状・記録命令付差押状・捜索状への裁判長の記名押印を義務付けており（条文中の電磁的記録は差押対象の話で押印の代替ではない）、令状の電子発付で代替可能。,電子令状化（電磁的代替の追加）,その他裁判所の規則で定める事項を記載し、裁判長が、これに記名押印しなければならない,その他裁判所の規則で定める事項を記載し、又は記録し、裁判長が、これに記名押印し、又は記名押印に代わる措置として最高裁判所規則で定める電子署名をしなければならない,令和五年刑事訴訟法改正（手続のデジタル化）による電子令状の発付・執行の枠組みと整合させる必要がある。
J082,judgment,C06_sonaeoki_etsuran,備置き・閲覧・縦覧（来訪前提の情報アクセス）,high,0,集落地域整備法,昭和六十二年法律第六十三号,第九条,（協定の認定等）,,認定した協定の写しを市町村の事務所に備えて公衆の縦覧に供することを義務付けており、インターネット公表で代替可能。,電磁的代替の追加（インターネット公表）,当該協定の写しを当該市町村の事務所に備えて公衆の縦覧に供するとともに,当該協定の写しを当該市町村の事務所に備えて公衆の縦覧に供し、又はインターネットの利用その他の方法により公表するとともに,
J085,judgment,C06_sonaeoki_etsuran,備置き・閲覧・縦覧（来訪前提の情報アクセス）,high,0,特定高度情報通信技術活用システムの開発供給及び導入の促進に関する法律,令和二年法律第三十七号,第十九条,（帳簿の記載）,,指定金融機関に帳簿の備付け・記載・保存を義務付けており、電磁的記録による作成・保存で代替可能。,媒体中立化（電磁的記録による作成・保存の許容）,帳簿を備え、主務省令で定める事項を記載し、これを保存しなければならない,帳簿を備え、主務省令で定める事項を記載し、これを保存しなければならない。この場合において、当該帳簿の備付け、記載及び保存は、電磁的記録の備付け、記録及び保存をもってこれに代えることができる,
J086,judgment,C06_sonaeoki_etsuran,備置き・閲覧・縦覧（来訪前提の情報アクセス）,high,0,景観法,平成十六年法律第百十号,第八十二条,（認可の申請に係る景観協定の縦覧等）,,認可申請に係る景観協定を公告の日から二週間関係人の縦覧に供することを義務付けており、インターネット縦覧で代替可能。,電磁的代替の追加（インターネット縦覧）,その旨を公告し、当該景観協定を当該公告の日から二週間関係人の縦覧に供さなければならない,その旨を公告し、当該景観協定を当該公告の日から二週間関係人の縦覧に供し、又はインターネットの利用その他の国土交通省令・農林水産省令で定める方法により公表しなければならない,意見書提出（第二項）についても電子的な提出を許容する省令整備を併せて行うことが望ましい。
J087,judgment,C06_sonaeoki_etsuran,備置き・閲覧・縦覧（来訪前提の情報アクセス）,high,0,マンションの管理の適正化の推進に関する法律,平成十二年法律第百四十九号,第十九条,（帳簿の備付け等）,,指定試験機関に試験事務に関する帳簿の備付け・保存を義務付けており、電磁的記録で代替可能。,媒体中立化（電磁的記録による帳簿）,国土交通省令で定めるものを記載した帳簿を備え、これを保存しなければならない。,国土交通省令で定めるものを記載した帳簿（その作成に代えて電磁的記録の作成がされている場合における当該電磁的記録を含む。）を備え、これを保存しなければならない。,省令レベルで電磁的記録を許容済みの類例が多いが、法律本則で媒体中立を明確化する趣旨。
J088,judgment,C06_sonaeoki_etsuran,備置き・閲覧・縦覧（来訪前提の情報アクセス）,high,0,特定放射性廃棄物の最終処分に関する法律,平成十二年法律第百十七号,第八十条,（帳簿）,,指定法人に資金管理業務に関する帳簿の備付け・記載・保存を義務付けており、電磁的記録で代替可能。,媒体中立化（帳簿の電子化）,帳簿を備え、資金管理業務に関し経済産業省令で定める事項を記載し、これを保存しなければならない,帳簿（電磁的記録をもつて調製するものを含む。）を備え、資金管理業務に関し経済産業省令で定める事項を記載し、又は記録し、これを保存しなければならない,
J106,judgment,C07_butsuri_keiji,物理的掲示・標識の設置義務,high,0,自動車損害賠償保障法,昭和三十年法律第九十七号,第二十三条の五,（指定紛争処理機関の指定等）,,指定紛争処理機関である旨の事務所掲示を義務付けており、同項でインターネット公表（自動公衆送信）が既に併用義務化されているため物理掲示のデジタル一本化が容易。,物理掲示の選択制化（デジタル一本化許容）,その事務所において公衆に見やすいように掲示するとともに,その事務所において公衆に見やすいように掲示し、又は,既に義務化されている自動公衆送信による公衆閲覧を単独で満たせば足りることとし、物理掲示を選択的義務に改める。
J108,judgment,C07_butsuri_keiji,物理的掲示・標識の設置義務,high,0,銀行法,昭和五十六年法律第五十九号,第五十二条の六十の九,（標識の掲示等）,,電子決済等取扱業者に営業所ごとの標識掲示を義務付けており、同条にインターネット公表義務が併存するため掲示義務のデジタル一本化（公表への統合）が容易。,電磁的代替による適用除外（インターネット公表への一本化）,電子決済等取扱業を営む営業所ごとに、公衆の見やすい場所に、内閣府令で定める様式の標識を掲示しなければならない。,電子決済等取扱業を営む営業所ごとに、公衆の見やすい場所に、内閣府令で定める様式の標識を掲示しなければならない。ただし、次項の規定により内閣府令で定める事項を公表しているときは、この限りでない。,同条第二項にインターネット公表義務が既に併存するため、二重の義務を解消し公表への統合を図るものである。
J110,judgment,C07_butsuri_keiji,物理的掲示・標識の設置義務,high,0,建物の区分所有等に関する法律,昭和三十七年法律第六十九号,第三十三条,（規約の保管及び閲覧）,,規約の保管場所を建物内の見やすい場所に掲示することを義務付けており、規約自体は電磁的記録を認めながら保管場所の周知は物理掲示に限定されている。,電磁的代替の追加（物理掲示の選択制化）,規約の保管場所は、建物内の見やすい場所に掲示しなければならない,規約の保管場所は、建物内の見やすい場所に掲示し、又は区分所有者及び利害関係人が電磁的方法により随時確認することができる状態に置く措置として法務省令で定めるものを講じなければならない,規約本体は既に電磁的記録による作成が認められており、保管場所の周知方法のみ紙掲示に限定される不均衡を解消するもの。
J112,judgment,C08_kokoku_gentei,公告・公示方法の物理媒体限定,high,0,職員団体等に対する法人格の付与に関する法律,昭和五十三年法律第八十号,第三十六条,（清算中の法人である職員団体等についての破産手続の開始）,,清算中の破産手続開始の公告方法を官報掲載に限定しており、電磁的方法による代替が定められていない。,公告方法の複線化（電磁的代替の追加）,第一項の規定による公告は、官報に掲載してする。,第一項の規定による公告は、官報に掲載し、又は電子公告（電磁的方法により不特定多数の者が公告すべき内容である情報の提供を受けることができる状態に置く措置であつて会社法第二条第三十四号に規定するものをとる方法をいう。）によりする。,官報の電子化（官報発行法）により官報掲載自体もデジタル化されているため、二重投資とならないよう選択制とするのが適当。
J114,judgment,C08_kokoku_gentei,公告・公示方法の物理媒体限定,high,0,会社法,平成十七年法律第八十六号,第八百二十条,（日本に住所を有する日本における代表者の退任）,,外国会社の日本代表者全員退任時の債権者異議公告を官報に限定し各別催告を求めており、電子公告等による代替が認められていない。,電子公告による各別催告の免除（公告方法の複線化）,官報に公告し、かつ、知れている債権者には、各別にこれを催告しなければならない。,官報に公告し、かつ、知れている債権者には、各別にこれを催告しなければならない。ただし、当該公告を、官報のほか、第九百三十九条第二項の規定による公告方法の定めに従い、時事に関する事項を掲載する日刊新聞紙に掲載する方法又は電子公告によりするときは、各別の催告は、することを要しない。,国内会社の債権者異議手続（会社法第七百八十九条第三項等）の規定ぶりに倣い、外国会社についてのみ二重公告免除がない不均衡を解消する。
J115,judgment,C08_kokoku_gentei,公告・公示方法の物理媒体限定,high,0,保険業法,平成七年法律第百五号,第二百三十七条,（内閣総理大臣の告示）,,免許取消し等に関する内閣総理大臣の告示方法を官報に限定しており、ウェブサイト公表等のデジタル媒体が予定されていない。,媒体中立化（デジタル公表の追加）,次に掲げる場合には、内閣総理大臣は、その旨を官報で告示するものとする,次に掲げる場合には、内閣総理大臣は、その旨を官報で告示するとともに、インターネットの利用その他の適切な方法により公表するものとする,官報発行法による官報の電子化を踏まえ、将来的には官報告示への一本化とウェブ公表の関係を整理する余地がある。
J116,judgment,C08_kokoku_gentei,公告・公示方法の物理媒体限定,high,0,農林中央金庫法,平成十三年法律第九十三号,第五十二条,（出資一口の金額の減少）,,出資一口金額減少時の債権者保護手続として官報公告を必須とし、定款所定の電子公告等は各別催告省略のための追加手段にとどまる。,公告手段の多元化・電磁的催告の許容,次に掲げる事項を官報に公告し、かつ、農林債の債権者、預金者又は定期積金の積金者その他政令で定める債権者以外の知れている債権者には、各別にこれを催告しなければならない。,次に掲げる事項を官報に公告し、又は第九十六条の二第一項の規定による定款の定めに従い同項各号のいずれかに掲げる方法（電子公告を含む。）により公告し、かつ、農林債の債権者、預金者又は定期積金の積金者その他政令で定める債権者以外の知れている債権者には、各別にこれを催告（電磁的方法によるものを含む。）しなければならない。,会社法第四百四十九条の債権者保護手続との平仄を確認し、官報発行法による官報の電子化を踏まえた整理とする。
J118,judgment,C08_kokoku_gentei,公告・公示方法の物理媒体限定,high,0,マンションの管理の適正化の推進に関する法律,平成十二年法律第百四十九号,第四十一条の十八,（公示）,,講習実施機関の登録・届出等の公示を官報に限定しており、既存の行政情報公開サイト等での代替余地が大きい。,公示媒体の柔軟化（媒体中立化）,国土交通大臣は、次に掲げる場合には、その旨を官報に公示しなければならない。,国土交通大臣は、次に掲げる場合には、その旨を官報に公示し、又はインターネットの利用その他の適切な方法により公表しなければならない。,公示の効力発生時期の特定のため、インターネット公表による場合の掲載日時の記録・証明方法を省令で定める必要がある。
J119,judgment,C08_kokoku_gentei,公告・公示方法の物理媒体限定,high,0,株式会社日本政策金融公庫法,平成十九年法律第五十七号,第十八条,（指定の更新）,,指定の失効に係る公示方法を官報に限定しており、電磁的方法の定めがない。,公示媒体の中立化,その旨を官報で公示しなければならない,その旨を官報への掲載又はインターネットの利用その他の主務省令で定める方法により公示しなければならない,官報の発行に関する法律による官報の電子化（電磁的官報記録）との整合を確認の上、公示方法の選択肢を規定する。
J120,judgment,C08_kokoku_gentei,公告・公示方法の物理媒体限定,high,0,金融商品取引法,昭和二十三年法律第二十五号,第百一条の四,（債権者の異議）,,会員金融商品取引所の組織変更時の債権者異議公告を官報に限定し各別催告を求めており、電子的手段による代替の定めがない。,電子公告による各別催告の省略（会社法第七百八十九条第三項の先例準拠）,次に掲げる事項を官報に公告し、かつ、知れている債権者には、各別にこれを催告しなければならない。,次に掲げる事項を官報に公告し、かつ、知れている債権者には、各別にこれを催告しなければならない。ただし、当該会員金融商品取引所が当該公告を、官報のほか、時事に関する事項を掲載する日刊新聞紙に掲載する方法又は電子公告によりするときは、各別の催告は、することを要しない。,各別催告自体についても電磁的方法による催告を許容する規定を併せて整備することが望ましい。
J121,judgment,C08_kokoku_gentei,公告・公示方法の物理媒体限定,high,0,農水産業協同組合貯金保険法,昭和四十八年法律第五十三号,第百十条の三,（機構による特別監視）,,特別監視指定の公告方法を官報に限定している。,公告方法の複線化（電子的公表の併用）,その旨を農林中央金庫及び機構に通知するとともに、官報により、これを公告しなければならない。,その旨を農林中央金庫及び機構に通知するとともに、官報により、これを公告し、かつ、インターネットの利用その他の適切な方法により公表しなければならない。,金融システム安定に関わる緊急性の高い公告であり、官報掲載を維持しつつ即時性のある電子的公表を義務付ける。
J122,judgment,C08_kokoku_gentei,公告・公示方法の物理媒体限定,high,0,中小企業等協同組合法,昭和二十四年法律第百八十一号,第五十六条の二,（債権者の異議）,,出資一口金額減少の債権者保護公告として官報公告を必須とし、日刊新聞紙・電子公告は各別催告を省略するための追加要件にとどまる。,電磁的代替の追加（官報公告要件の緩和）,次に掲げる事項を官報に公告し、かつ、預金者、定期積金の積金者その他政令で定める債権者以外の知れている債権者には、各別にこれを催告しなければならない,次に掲げる事項を官報に公告し、又は第三十三条第四項第三号に掲げる公告方法（電子公告）により公告し、かつ、預金者、定期積金の積金者その他政令で定める債権者以外の知れている債権者には、各別にこれ（電磁的方法による通知を含む。）を催告しなければならない,会社法四百四十条等との横並びを踏まえ、官報公告を必須要件から選択要件に改める場合は債権者の知る機会の確保策を検討する必要がある。
J123,judgment,C08_kokoku_gentei,公告・公示方法の物理媒体限定,high,0,原子力災害対策特別措置法,平成十一年法律第百五十六号,第十二条,（緊急事態応急対策等拠点施設の指定等）,,緊急事態応急対策等拠点施設の指定・変更の効力発生を官報告示に係らしめており、告示方法が官報に限定されている。,公表手段の多元化,第一項の指定又は指定の変更は、官報に告示してしなければならない。,第一項の指定又は指定の変更は、官報に告示してしなければならない。この場合において、内閣総理大臣は、当該告示の内容をインターネットの利用その他の適切な方法により公表するものとする。,効力発生時点の一義性を保つため官報告示は存置し、災害対応の実効性の観点からインターネット公表義務を付加する。
J124,judgment,C08_kokoku_gentei,公告・公示方法の物理媒体限定,high,0,金融商品取引法,昭和二十三年法律第二十五号,第百三十九条の五,（新設合併消滅会員金融商品取引所の手続）,,新設合併時の債権者保護公告は準用規定により官報が必須であり、電子公告等は各別催告省略のための追加手段にすぎない。,電子公告の許容,同項第二号に掲げる公告方法によりするときは、前項において準用する第百一条の四第二項の規定による各別の催告は、することを要しない。,同項第二号又は第三号に掲げる公告方法によりするときは、前項において準用する第百一条の四第二項の規定による各別の催告は、することを要しない。,併せて次項の「会社法第九百三十九条第一項（第一号及び第二号に係る部分に限る。）」を「（第一号から第三号までに係る部分に限る。）」に改め、電子公告（同項第三号）を選択可能とする必要がある。
J125,judgment,C08_kokoku_gentei,公告・公示方法の物理媒体限定,high,0,種苗法,平成十年法律第八十三号,第五十七条の二,（公示等）,,公示の効力は官報掲載に係らしめられており、第二項のインターネット公表は事後的な周知措置にとどまるため官報掲載要件がアナログ規制として残存する。,公示媒体の中立化（インターネット公示への効力付与）,この法律の規定による公示は、官報に掲載してするものとする,この法律の規定による公示は、官報に掲載し、又はインターネットの利用その他の農林水産省令で定める方法によりするものとする,第二項のインターネット公表は事後的周知にとどまるため、公示の効力自体をインターネット掲載に係らしめ得るよう第一項を改める趣旨。官報電子化との役割分担に留意。
J126,judgment,C08_kokoku_gentei,公告・公示方法の物理媒体限定,high,0,農業協同組合法,昭和二十二年法律第百三十二号,第九十七条の四,,,公告方法として事務所の掲示場への物理掲示を定款必須事項として全組合に義務付けており、電子公告は選択的な追加手段にとどまる。,媒体中立化（物理掲示義務の選択制化）,組合及び農事組合法人は、公告の方法として、事務所の掲示場に掲示する方法を定款で定めなければならない。,組合及び農事組合法人は、公告の方法として、事務所の掲示場に掲示する方法又は電子公告を定款で定めなければならない。,第二項以下で電子公告を追加的方法として定める現行構造を改め、電子公告を基本の公告方法として選択できるよう条全体の構成を整理する必要がある。
J129,judgment,C09_keitai_teiji,証明書等の携帯・提示義務,high,0,道路法,昭和二十七年法律第百八十号,第七十七条,（道路に関する調査）,,交通量調査のため車両を一時停止させ証票を呈示して質問する方式を前提としており、ETC2.0・センサー等のデータ活用により調査手続自体をデジタルで代替できる。,データ代替の追加（センサー・ETC2.0活用）,道路を通行する車両を一時停止させ、当該車両の長さ、幅、高さ、総重量その他調査に必要な事項について質問することができる,道路を通行する車両を一時停止させ、当該車両の長さ、幅、高さ、総重量その他調査に必要な事項について質問し、又は車両に備えられた電子的装置から送信される情報その他の電磁的記録により当該事項の把握を行うことができる。この場合において、電磁的記録により当該事項を把握することができるときは、車両の一時停止を求めないものとする,走行データの取得に係る個人情報・プライバシー保護（利用目的の限定等）を省令で手当てする必要がある。
J135,judgment,C09_keitai_teiji,証明書等の携帯・提示義務,high,0,国民年金法,昭和三十四年法律第百四十一号,第百六条,（被保険者に関する調査）,,被保険者調査の質問に際し職員の証票携帯・提示を義務付けるが、書類提出命令と併せマイナンバー情報連携等により調査手続全体のデジタル化余地が大きい。,媒体中立化（モバイル身分証の許容）,その身分を示す証票を携帯し、かつ、関係人の請求があるときは、これを提示しなければならない。,その身分を示す証票（電磁的方法により表示するものを含む。）を携帯し、かつ、関係人の請求があるときは、これを提示しなければならない。,第一項の書類提出命令についても、マイナンバー情報連携により取得可能な情報は提出を求めない運用を省令で明確化することが望ましい。
J140,judgment,C09_keitai_teiji,証明書等の携帯・提示義務,high,0,林業種苗法,昭和四十五年法律第八十九号,第二十八条,（立入検査等）,,検査対象の関係書類は電磁的記録による備付けが既に認められている一方、検査職員の身分証明書のみ紙媒体の携帯・提示が前提のまま残っており不均衡がある。,電子証票の許容（媒体中立化）,その身分を示す証明書を携帯し、関係人の請求があつたときは、これを提示しなければならない,その身分を示す証明書（電磁的記録により作成し、電子計算機の映像面に表示する方法により提示することができるものを含む。）を携帯し、関係人の請求があつたときは、これを提示しなければならない,検査対象の関係書類には電磁的記録が既に許容されており、職員側の身分証明書のみ紙媒体前提である不均衡を解消するもの。
J151,judgment,C10_jochu_sennin,常駐・専任・場所単位の人員配置,high,1,農業保険法,昭和二十二年法律第百八十五号,第三十七条,（役員の定数及び選挙又は選任）,,役員選挙につき選挙・投票所・開票所ごとに管理者を置き無記名投票と署名を求めており、紙の投票所運営を前提とした場所単位の人員配置義務である。,電磁的投票の許容（投票所前提の解除）,役員の選挙においては、選挙ごとに選挙管理者、投票所ごとに投票管理者、開票所ごとに開票管理者を置かなければならない。,役員の選挙においては、選挙ごとに選挙管理者を、投票所を設ける場合にあつては投票所ごとに投票管理者を、開票所を設ける場合にあつては開票所ごとに開票管理者を置かなければならない。この場合において、役員の選挙は、定款で定めるところにより、電磁的方法（投票した者を特定することができないものに限る。）により行うことができる。,無記名投票の趣旨である秘密投票性を電子投票においても確保するための技術的要件を主務省令に委任する必要がある。
J154,judgment,C10_jochu_sennin,常駐・専任・場所単位の人員配置,high,0,社会福祉法,昭和二十六年法律第四十五号,第六十六条,（社会福祉施設の管理者）,,社会福祉施設に施設ごとの「専任」管理者の設置を一律に義務付けており、兼務や遠隔管理を許容しない典型的な場所単位専任規制である。,専任要件の緩和（兼務・遠隔管理の許容）,社会福祉施設には、専任の管理者を置かなければならない,社会福祉施設には、管理者を置かなければならない。この場合において、管理者は、当該施設の管理上支障がないときは、他の社会福祉施設の管理者を兼ね、又は情報通信技術を利用する方法により当該施設の管理を行うことができる,入所施設における緊急時対応体制の確保を条件（厚生労働省令）とすることで、利用者の安全と両立させる必要がある。
J162,judgment,C11_teiki_kensa,定期検査・定期点検の頻度固定,high,0,官公庁施設の建設等に関する法律,昭和二十六年法律第百八十一号,第十二条,（国家機関の建築物の点検）,,国家機関建築物の敷地・構造・建築設備につき有資格者による定期の目視点検を義務付けており、センサー・ドローン等による状態監視型保全への転換候補である。,遠隔監視・常時監視型保全の許容（定期目視点検の代替）,定期に、一級建築士若しくは二級建築士又は同条第一項に規定する建築物調査員に、損傷、腐食その他の劣化の状況の点検をさせなければならない,定期に、一級建築士若しくは二級建築士又は同条第一項に規定する建築物調査員に、損傷、腐食その他の劣化の状況の点検をさせなければならない。ただし、国土交通省令で定めるところにより、センサー、カメラその他の機器を用いて劣化の状況を常時又は定期に把握する方法であって、当該点検と同等以上の効果を有すると認められるものによる場合は、この限りでない,同等性の判断基準（対象部位・計測項目・異常検知時の有資格者確認義務等）を省令で明確化し、安全水準を維持する。
J163,judgment,C11_teiki_kensa,定期検査・定期点検の頻度固定,high,0,労働安全衛生法,昭和四十七年法律第五十七号,第四十五条,（定期自主検査）,,ボイラー等の機械について頻度固定の定期自主検査と結果記録を義務付けており、IoTによる常時監視データでの代替・頻度柔軟化の余地が大きい。,常時監視データによる代替（頻度規定の性能規定化）,厚生労働省令で定めるところにより、定期に自主検査を行ない、及びその結果を記録しておかなければならない,厚生労働省令で定めるところにより、定期に自主検査を行ない（当該機械等の状態を電磁的方法により常時監視する装置による監視をもつて当該自主検査の全部又は一部に代えることができるものとして厚生労働省令で定める場合には、当該監視を行ない）、及びその結果を記録（電磁的記録によるものを含む。）しておかなければならない,代替を認める機械等の種類・センサーの技術的要件・異常時の点検義務を厚生労働省令で具体的に定める必要がある。
J181,judgment,C12_taimen_koshu,講習・研修・実習の受講義務（対面前提）,high,0,道路交通法,昭和三十五年法律第百五号,第五十一条の十三,（駐車監視員資格者証）,,駐車監視員資格者証の交付要件として公安委員会の講習受講・課程修了を求めており、対面集合型講習が前提となっておりオンライン講習化の余地が大きい。,遠隔化許容（オンライン講習の許容）,公安委員会が国家公安委員会規則で定めるところにより放置車両の確認等に関する技能及び知識に関して行う講習を受け、その課程を修了した者,公安委員会が国家公安委員会規則で定めるところにより放置車両の確認等に関する技能及び知識に関して行う講習（その全部又は一部を電気通信回線を使用して行うものを含む。）を受け、その課程を修了した者,技能に関する実習部分については対面実施を国家公安委員会規則で確保するなど、講習の実効性を担保する必要がある。
J185,judgment,C12_taimen_koshu,講習・研修・実習の受講義務（対面前提）,high,0,旅行業法,昭和二十七年法律第二百三十九号,第十一条の二,（旅行業務取扱管理者の選任）,,旅行業務取扱管理者に対し一定期間ごとに旅行業協会実施の研修受講を義務付けており（併せて営業所ごとの選任義務もある）、知識更新型研修としてオンライン化に適する。,遠隔化許容（オンライン研修の明文化）,旅行業務取扱管理者の職務に関し必要な知識及び能力の向上を図るため、第四十一条第二項に規定する旅行業協会が実施する研修を受けさせなければならない,旅行業務取扱管理者の職務に関し必要な知識及び能力の向上を図るため、第四十一条第二項に規定する旅行業協会が実施する研修（情報通信技術を利用する方法により実施するものを含む。）を受けさせなければならない,受講の確認（本人確認・修了認定）の方法を国土交通省令で定めることが前提となる。
J196,judgment,C13_baitai_shitei,特定の記録媒体・技術の名指し,high,0,建設業法,昭和二十四年法律第百号,第三十九条の四,（電子計算機による処理に係る手続の特例等）,,電子的手続の特例が「磁気ディスクの提出」という物理媒体の持参・郵送を前提とした構成であり、オンライン申請・API提出への置換余地が大きい。,オンライン申請の追加（物理媒体前提の解消）,磁気ディスク（これに準ずる方法により一定の事項を確実に記録しておくことができる物を含む。同項において同じ。）の提出により行うことができる。,磁気ディスク（これに準ずる方法により一定の事項を確実に記録しておくことができる物を含む。同項において同じ。）の提出又は電子情報処理組織を使用する方法により行うことができる。,デジタル手続法によるオンライン化と重複するため、本条を同法への委任規定に整理し磁気ディスク提出の特例自体を廃止することも選択肢となる。
J207,judgment,C14_yubin_sotatsu,郵便・物理送達への依存,high,0,会社法,平成十七年法律第八十六号,第八百九十七条,（担保権者が処分をすべき期間の指定）,,裁判書の当事者への「送達」を義務付けており、書類の物理的交付を前提とする典型的な送達規定で、システム送達（電磁的送達）への置換余地が大きい。,電子送達化（システム送達への置換）,前項の裁判及び同項の即時抗告についての裁判があった場合には、その裁判書を当事者に送達しなければならない,前項の裁判及び同項の即時抗告についての裁判があった場合には、その電子裁判書（民事訴訟法第二百五十二条第一項に規定する方式により電磁的記録として作成された裁判書をいう。）を当事者に送達しなければならない,令和四年民事訴訟法改正のシステム送達（民訴法百九条の二）が非訟手続にも及ぶよう、会社法の非訟規定全体を一括整備するのが自然である。
J208,judgment,C14_yubin_sotatsu,郵便・物理送達への依存,high,0,民事再生法,平成十一年法律第二百二十五号,第三十条,（仮差押え、仮処分その他の保全処分）,,保全処分等の裁判書を当事者に送達することを義務付けており、物理的な書類交付を前提とする規定でシステム送達への移行候補。,システム送達への移行（読み替え規定）,第三項に規定する裁判及び同項の即時抗告についての裁判があった場合には、その裁判書を当事者に送達しなければならない。,第三項に規定する裁判及び同項の即時抗告についての裁判があった場合には、その裁判書（電磁的記録をもって作成された場合にあっては、当該電磁的記録に記録された事項）を、民事訴訟法第百九条の二に規定する電子情報処理組織による送達の方法を含む方法により、当事者に送達しなければならない。,令和五年法律第五十三号による倒産法制デジタル化改正の施行スケジュールと整合させ、二重改正とならないよう留意する。
J213,judgment,C14_yubin_sotatsu,郵便・物理送達への依存,high,0,破産法,平成十六年法律第七十五号,第百七十九条,（役員責任査定決定等）,,役員責任査定決定の裁判書の当事者送達を義務付けており、書類の物理的交付を前提とする規定で電磁的送達への移行候補。,電磁的送達の許容（システム送達への移行）,役員責任査定決定があった場合には、その裁判書を当事者に送達しなければならない,役員責任査定決定があった場合には、その裁判書（当該裁判書が電磁的記録をもって作成されているときは、当該電磁的記録に記録された事項）を当事者に送達しなければならない。この場合における送達は、民事訴訟法第百九条の二の規定の例による電磁的方法によりすることができる,令和五年民事訴訟手続デジタル化関連改正による倒産手続のIT化（電子裁判書・システム送達）の施行スケジュールとの整合を要確認。
J223,judgment,C15_koto_yomikikase,口頭・読み聞かせ・その場での説明,high,0,情報公開・個人情報保護審査会設置法,平成十五年法律第六十号,第十条,（意見の陳述）,,審査請求人に「口頭で」意見を述べる機会を与え補佐人との「出頭」を予定しており、対面陳述を前提とする構造でウェブ会議等による陳述の明文化余地が大きい。,遠隔化許容（ウェブ会議による陳述）,当該審査請求人等に口頭で意見を述べる機会を与えなければならない,当該審査請求人等に口頭で意見を述べる機会（審査会が相当と認めるときは、映像と音声の送受信により相手の状態を相互に認識しながら通話をすることができる方法によって意見を述べる機会を含む。）を与えなければならない,第二項の補佐人とともにする「出頭」についても、同様の方法による参加を含む旨を併せて規定する必要がある。
J233,judgment,C15_koto_yomikikase,口頭・読み聞かせ・その場での説明,high,0,地方税法,昭和二十五年法律第二百二十六号,第四百三十三条,（固定資産評価審査委員会の審査の決定の手続）,,固定資産評価審査で申出人に口頭で意見を述べる機会を与え、出席を求めて公開の口頭審理を行う対面前提の手続であり、ウェブ会議による審理への置換余地が大きい。,遠隔化許容（民事訴訟法第八十七条の二の先例準拠）,審査を申し出た者及び市町村長の出席を求めて、公開による口頭審理を行うことができる,審査を申し出た者及び市町村長の出席（映像と音声の送受信により相手の状態を相互に認識しながら通話をすることができる方法による出席を含む。）を求めて、公開による口頭審理を行うことができる,「公開」の要件を満たすため、傍聴人が審理の状況を視聴できる措置（審理会場での中継等）を条例又は規則で定める必要がある。
J236,judgment,C15_koto_yomikikase,口頭・読み聞かせ・その場での説明,high,1,行政手続法,平成五年法律第八十八号,第三十五条,（行政指導の方式）,,口頭の行政指導について求めがあれば「書面」を交付すべきとし電磁的方法による提供の明文の代替がなく（電磁的記録は適用除外事由としてのみ登場）、書面交付義務の見直し類型に該当する。,電磁的代替の追加（電磁的方法による提供）,前二項に規定する事項を記載した書面の交付を求められたときは、当該行政指導に携わる者は、行政上特別の支障がない限り、これを交付しなければならない。,前二項に規定する事項を記載した書面の交付を求められたときは、当該行政指導に携わる者は、行政上特別の支障がない限り、これを交付しなければならない。この場合において、相手方の求めがあるときは、書面の交付に代えて、当該事項を電磁的方法により提供することができる。,行政手続法は通則法であり、本条の改正は全行政分野の口頭行政指導の記録化・電子化に波及するため相手方の選択権を明確にする。
J239,judgment,C16_inshi_genkin,収入印紙・現金等の物理的納付,high,0,民事訴訟費用等に関する法律,昭和四十六年法律第四十号,第十条,（再使用証明）,,収入印紙の物理的な交付・再使用・提出を前提とする還付手続であり、電子納付が原則化すれば制度自体が不要となる典型的アナログ規定。,廃止（電子納付原則化に伴う制度廃止）,金銭による還付に代えて、還付の日から一年以内に限り再使用をすることができる旨の裁判所書記官の証明を付して還付すべき金額に相当する収入印紙を交付することができる,削除（手数料の納付を現金納付（電子情報処理組織を使用する方法による納付を含む。）に一本化することに伴い、過納手数料は金銭により還付するものとし、再使用証明の制度は廃止する。）,令和四年民事訴訟法等改正で手数料の電子納付への一本化が予定されており、施行までの間の経過措置として存置期間を設ける必要がある。
J241,judgment,C16_inshi_genkin,収入印紙・現金等の物理的納付,high,0,実用新案法,昭和三十四年法律第百二十三号,第五十四条,（手数料）,,手数料の納付を「特許印紙をもつてしなければならない」と原則義務付けており、物理的印紙の購入・貼付を強制するアナログ規定。,電磁的納付の許容（印紙原則の廃止）,次に掲げる者は、実費を勘案して政令で定める額の手数料を納付しなければならない。,次に掲げる者は、実費を勘案して政令で定める額の手数料を納付しなければならない。この場合において、その納付は、特許印紙をもつてするほか、経済産業省令で定めるところにより、現金又は電子情報処理組織を使用する方法によりすることができる。,特許法・工業所有権特例法における口座振替・電子現金納付の先例があり、印紙は経過措置を置いた上で廃止方向とすべきである。
J245,judgment,C16_inshi_genkin,収入印紙・現金等の物理的納付,high,0,意匠法,昭和三十四年法律第百二十五号,第六十七条,（手数料）,,手数料納付を特許印紙で行うことを原則義務付け、但書の代替も「現金」という物理的手段にとどまり電磁的納付の明記がない。,電子納付の追加（印紙原則の緩和）,第一項又は第二項の手数料の納付は、経済産業省令で定めるところにより、特許印紙をもつてしなければならない,第一項又は第二項の手数料の納付は、経済産業省令で定めるところにより、特許印紙をもつてしなければならない。ただし、経済産業省令で定める場合には、経済産業省令で定めるところにより、現金又は電子情報処理組織を使用する方法その他の情報通信技術を利用する方法をもつて納めることができる,特許法等他の産業財産権四法の手数料納付規定と横並びで一括改正することが法制上自然。
J246,judgment,C16_inshi_genkin,収入印紙・現金等の物理的納付,high,1,印紙税法,昭和四十二年法律第二十三号,第二条,（課税物件）,,紙の「文書」への課税を制度の根本に置き印紙貼付納付を前提とする規定で、電子文書との課税非対称というデジタル化上の構造的論点を生む。,廃止（媒体間の課税中立化）,別表第一の課税物件の欄に掲げる文書には、この法律により、印紙税を課する。,別表第一の課税物件の欄に掲げる文書（電磁的記録をもって作成されたものを除く。）には、この法律により、印紙税を課する。（経過的な明確化。抜本的には「印紙税法は、廃止する。」との廃止法によることが本筋）,紙の文書のみへの課税は電子契約への移行を促す一方で媒体間の課税非対称を生んでおり、廃止には相当規模の税収の代替財源の検討を要する。
J249,judgment,C16_inshi_genkin,収入印紙・現金等の物理的納付,high,0,健康保険法,大正十一年法律第七十号,第百四十五条,（特別療養費）,,日雇特例被保険者手帳への健康保険印紙の貼付と特別療養費受給票の窓口提出という物理媒体の授受を給付要件の前提としている。,電子資格確認の追加（受給票の電子化）,特別療養費受給票を第六十三条第三項第一号若しくは第二号に掲げる病院若しくは診療所若しくは薬局のうち自己の選定するものに提出して,特別療養費受給票を第六十三条第三項第一号若しくは第二号に掲げる病院若しくは診療所若しくは薬局のうち自己の選定するものに提出し、又は電子資格確認その他厚生労働省令で定める方法により特別療養費の支給を受ける資格があることの確認を受けて,健康保険法第三条第十三項の電子資格確認の定義規定を引用し、オンライン資格確認システムとの接続を前提とした整備が必要である。
J254,judgment,C16_inshi_genkin,収入印紙・現金等の物理的納付,high,0,中小企業退職金共済法,昭和三十四年法律第百六十号,第四十四条,（掛金）,,掛金納付は退職金共済手帳への証紙貼付・消印が原則義務であり、電子報告による現金納付の代替は厚生労働大臣指定の特定業種に限定されている。,電磁的代替の一般化（特定業種限定の撤廃）,共済契約者は、被共済者に賃金を支払う都度、退職金共済手帳に退職金共済証紙を貼り付け、これに消印することによつて掛金を納付しなければならない。,共済契約者は、被共済者に賃金を支払う都度、退職金共済手帳に退職金共済証紙を貼り付け、これに消印し、又は厚生労働省令で定めるところにより電子情報処理組織を使用して被共済者の就労の実績を機構に報告した上で現金をもつて納付することによつて掛金を納付しなければならない。,第五項の大臣指定業種限定を外し全特定業種で電子報告方式を選択可能とするもので、同項は本項に統合して整理する。
J255,judgment,C17_keiyu_teishutsu,窓口・経由機関の強制,high,0,マンションの建替え等の円滑化に関する法律,平成十四年法律第七十八号,第五十一条,（施行者の変動）,,規約認可の申請と施行者変動の届出を町村長経由で行うことを義務付けており、オンライン直接申請を阻む経由強制規定。,経由強制の廃止（直接申請の許容）,前項の規定による認可の申請は、施行マンションの所在地が町村の区域内にあるときは、当該町村の長を経由して行わなければならない。,前項の規定による認可の申請は、施行マンションの所在地が町村の区域内にあるときは、当該町村の長を経由して行うことができる。,町村長が把握すべき情報は、都道府県知事等から町村長への通知規定を設けることにより確保する。
J258,judgment,C17_keiyu_teishutsu,窓口・経由機関の強制,high,0,消防施設強化促進法,昭和二十八年法律第八十七号,第五条,（補助の申請）,,国庫補助の交付申請書を都道府県知事経由で総務大臣に提出することを義務付けており、補助金申請の直接オンライン化を阻む。,管轄フリー化（経由事務の廃止）,当該市町村を包括する都道府県の知事を経由して、総務大臣に補助金の交付申請書を提出しなければならない。,総務大臣に補助金の交付申請書を提出しなければならない。この場合において、電子情報処理組織を使用する方法により提出するときは、当該市町村を包括する都道府県の知事を経由することを要しないものとし、総務大臣は、遅滞なく、当該申請の内容を当該都道府県知事に通知するものとする。,都道府県知事の意見付与の機会は、システム上の情報共有と意見提出手続により引き続き確保する。
J259,judgment,C17_keiyu_teishutsu,窓口・経由機関の強制,high,0,労働金庫法,昭和二十八年法律第二百二十七号,第九十八条の三,（書類の経由）,,免許・認可等の申請書類の提出を都道府県知事経由に一律義務付ける包括的な経由強制規定であり、多数の手続に波及する。,経由義務の廃止（管轄フリー化）,政令で定めるところにより、都道府県知事を経由して行わなければならない,政令で定めるところにより、都道府県知事を経由して行わなければならない。ただし、情報通信技術を活用した行政の推進等に関する法律第六条第一項の規定により電子情報処理組織を使用する方法により行うときは、都道府県知事を経由することを要しない,経由に伴い都道府県知事が行っていた進達時の実質審査の要否を整理し、必要な情報連携はシステム上のデータ共有で代替する。
J260,judgment,C17_keiyu_teishutsu,窓口・経由機関の強制,high,0,電子署名等に係る地方公共団体情報システム機構の認証業務に関する法律,平成十四年法律第百五十三号,第三条の二,,,電子証明書の発行というデジタル手続自体を市町村長や領事官の経由に依存させる構造であり、国外転出者のオンライン完結を阻んでいる。,経由強制の廃止（オンライン直接申請の許容）,その者が記録されている戸籍の附票を備える市町村の市町村長（以下「附票管理市町村長」という。）を経由して、機構に対し、自己に係る個人番号カード用署名用電子証明書の発行の申請をすることができる。,その者が記録されている戸籍の附票を備える市町村の市町村長（以下「附票管理市町村長」という。）を経由して、又は総務省令で定めるところにより電子情報処理組織を使用して直接、機構に対し、自己に係る個人番号カード用署名用電子証明書の発行の申請をすることができる。,国外転出者のオンライン完結を実現するため、既発行の電子証明書等による本人確認を代替手段として総務省令で担保する。
J261,judgment,C17_keiyu_teishutsu,窓口・経由機関の強制,high,0,土地区画整理法,昭和二十九年法律第百十九号,第十三条,（土地区画整理事業の廃止又は終了）,,事業の廃止・終了の認可申請を市町村長経由で行うことを義務付ける経由強制規定。,経由強制の廃止（直接申請の許容）,個人施行者がその申請をしようとするときは、国土交通省令で定めるところにより、施行地区を管轄する市町村長を経由して行わなければならない。,個人施行者がその申請をしようとするときは、国土交通省令で定めるところにより、施行地区を管轄する市町村長を経由して行うことができる。,市町村長への情報提供は都道府県知事からの通知又は共用の電子情報処理組織による共有で代替する。
J263,judgment,C17_keiyu_teishutsu,窓口・経由機関の強制,high,0,自転車競技法,昭和二十三年法律第二百九号,第二条,（届出）,,競輪開催の届出を経済産業局長経由で経済産業大臣に行うことを義務付けており、定型的届出のオンライン直接提出を阻む。,経由撤廃（管轄フリー化）・電磁的代替の追加,経済産業省令で定めるところにより、経済産業局長を経由して、経済産業大臣に届け出なければならない,経済産業省令で定めるところにより、経済産業大臣に届け出なければならない。この場合において、当該届出は、電子情報処理組織を使用する方法により行うことができる,経由機関である経済産業局長への情報共有が引き続き必要な場合は、システム上の情報連携で代替する旨を省令で手当てする。
J265,judgment,C17_keiyu_teishutsu,窓口・経由機関の強制,high,0,都市再開発法,昭和四十四年法律第三十八号,第七条の九,（施行の認可）,,第一種市街地再開発事業の施行認可申請を市町村長経由で行うことを義務付ける経由強制規定。,管轄フリー化（経由強制の緩和）,前項の規定による認可の申請は、施行地区となるべき区域を管轄する市町村長を経由して行わなければならない。,前項の規定による認可の申請は、施行地区となるべき区域を管轄する市町村長を経由して行わなければならない。ただし、電子情報処理組織を使用する方法により申請するときは、直接都道府県知事に対して行うことができる。,第三項の市町村長からの意見聴取義務は維持されるため、経由を廃止しても市町村の関与は実質的に確保される。
J271,judgment,C18_jisan_madoguchi,持参・その場交付など有体物の物理移動,high,0,所得税法,昭和四十年法律第三十三号,第二百十四条,（源泉徴収を要しない非居住者の国内源泉所得）,,税務署長の証明書の「交付を受け」支払者に「提示」するという物理的証明書の授受・提示を源泉徴収免除の要件としている。,電子証明書・電子提示の許容,納税地の所轄税務署長の証明書の交付を受け、その証明書を当該国内源泉所得の支払をする者に提示した場合,納税地の所轄税務署長の証明書の交付（電磁的記録による交付を含む。）を受け、その証明書を当該国内源泉所得の支払をする者に提示した場合（電磁的方法により提供した場合を含む。）,証明書の失効（第六項）を支払者が即時に確認できるよう、国税庁の公示・照会システムとの連動を前提とした政令整備が必要。
J275,judgment,C18_jisan_madoguchi,持参・その場交付など有体物の物理移動,high,1,特定有害廃棄物等の輸出入等の規制に関する法律,平成四年法律第百八号,第十条,（輸入特定有害廃棄物等の運搬又は処分）,,輸入移動書類を運搬・処分時に「携帯」し、日付を記載して「署名」することを義務付けており、電子マニフェスト型の代替が可能な紙書類随伴規定。,電磁的代替の追加（電子マニフェスト化）,当該輸入移動書類を携帯してしなければならない,当該輸入移動書類を携帯し、又は電子情報処理組織を使用して当該輸入移動書類に記載された事項を電磁的方法により直ちに表示することができる措置を講じてしなければならない,第二項の日付記載・署名義務についても、電磁的記録への記録及び電子署名による代替を併せて規定する必要がある（バーゼル条約上の移動書類の電子化動向との整合にも留意）。
J279,judgment,C18_jisan_madoguchi,持参・その場交付など有体物の物理移動,high,0,大規模地震対策特別措置法,昭和五十三年法律第七十三号,第二十七条,（応急公用負担の特例）,,保管命令・収用等の処分を「公用令書を交付して」行うことを義務付けており、緊急時にもかかわらず紙の令書の物理交付を強制している。,電磁的代替の追加（緊急時の電子交付）,政令で定めるところにより、それぞれ公用令書を交付して行わなければならない。,政令で定めるところにより、それぞれ公用令書を交付して行わなければならない。ただし、公用令書の交付が困難である場合には、政令で定めるところにより、電磁的方法による通知をもつてこれに代えることができる。この場合においては、事後遅滞なく、公用令書を交付しなければならない。,災害救助法・災害対策基本法の同種の公用負担規定と横並びで一括整備することが望ましい。
