concept,hit_articles,hit_laws,articles_without_digital_alt,laws_without_any_digital_alt_provision
C01_taimen_shutto,1457,357,1347,149
C02_jicchi_kakunin,1808,699,1751,375
C03_shomen_kofu,3945,659,3084,281
C04_genpon_fukusuu,1065,326,735,112
C05_oin_shomei,538,186,369,46
C06_sonaeoki_etsuran,2627,602,1948,247
C07_butsuri_keiji,501,213,460,78
C08_kokoku_gentei,940,350,858,124
C09_keitai_teiji,1457,713,1351,374
C10_jochu_sennin,247,157,240,74
C11_teiki_kensa,158,75,155,24
C12_taimen_koshu,747,150,717,64
C13_baitai_shitei,845,382,224,20
C14_yubin_sotatsu,1137,202,1079,94
C15_koto_yomikikase,124,65,119,25
C16_inshi_genkin,206,99,191,46
C17_keiyu_teishutsu,486,191,428,76
C18_jisan_madoguchi,1714,481,1629,248
C19_kaigitai_kaisai,1015,199,874,74
C20_shozaichi_kankatsu,1256,373,1220,173
C21_buppin_hyoji,197,70,190,25
C22_techo_shohyo,803,332,752,172
C23_kyotaku_hoshokin,471,121,463,55
C24_kuji_hassochakusho,48,25,48,10
C25_kenmen_shoken,387,70,346,31
