law_id,law_title,total_hits,distinct_concepts,has_digital_alt_provision,concepts
326AC0100000219,土地収用法,91,16,False,C03_shomen_kofu:17;C06_sonaeoki_etsuran:16;C14_yubin_sotatsu:10;C18_jisan_madoguchi:8;C02_jicchi_kakunin:7;C04_genpon_fukusuu:6;C23_kyotaku_hoshokin:6;C01_taimen_shutto:5;C05_oin_shomei:4;C22_techo_shohyo:3;C10_jochu_sennin:2;C20_shozaichi_kankatsu:2;C09_keitai_teiji:2;C11_teiki_kensa:1;C08_kokoku_gentei:1;C15_koto_yomikikase:1
325AC0000000201,建築基準法,66,15,False,C06_sonaeoki_etsuran:17;C18_jisan_madoguchi:13;C03_shomen_kofu:9;C02_jicchi_kakunin:6;C01_taimen_shutto:5;C07_butsuri_keiji:3;C12_taimen_koshu:2;C22_techo_shohyo:2;C09_keitai_teiji:2;C21_buppin_hyoji:2;C13_baitai_shitei:1;C11_teiki_kensa:1;C17_keiyu_teishutsu:1;C04_genpon_fukusuu:1;C20_shozaichi_kankatsu:1
416AC0000000117,武力攻撃事態及び存立危機事態における捕虜等の取扱いに関する法律,73,14,False,C18_jisan_madoguchi:16;C03_shomen_kofu:13;C01_taimen_shutto:10;C05_oin_shomei:9;C06_sonaeoki_etsuran:7;C15_koto_yomikikase:4;C04_genpon_fukusuu:3;C09_keitai_teiji:3;C17_keiyu_teishutsu:2;C02_jicchi_kakunin:2;C07_butsuri_keiji:1;C08_kokoku_gentei:1;C14_yubin_sotatsu:1;C22_techo_shohyo:1
325AC0000000289,鉱業法,61,14,False,C09_keitai_teiji:9;C23_kyotaku_hoshokin:8;C02_jicchi_kakunin:8;C01_taimen_shutto:6;C04_genpon_fukusuu:6;C03_shomen_kofu:5;C24_kuji_hassochakusho:4;C06_sonaeoki_etsuran:4;C14_yubin_sotatsu:2;C07_butsuri_keiji:2;C08_kokoku_gentei:2;C18_jisan_madoguchi:2;C22_techo_shohyo:2;C17_keiyu_teishutsu:1
423AC0000000051,非訟事件手続法,59,14,False,C20_shozaichi_kankatsu:12;C01_taimen_shutto:10;C23_kyotaku_hoshokin:7;C03_shomen_kofu:6;C04_genpon_fukusuu:4;C19_kaigitai_kaisai:4;C08_kokoku_gentei:4;C06_sonaeoki_etsuran:3;C14_yubin_sotatsu:3;C25_kenmen_shoken:2;C15_koto_yomikikase:1;C18_jisan_madoguchi:1;C07_butsuri_keiji:1;C05_oin_shomei:1
358AC1000000043,浄化槽法,53,14,False,C12_taimen_koshu:16;C06_sonaeoki_etsuran:7;C02_jicchi_kakunin:6;C09_keitai_teiji:4;C22_techo_shohyo:4;C08_kokoku_gentei:3;C07_butsuri_keiji:3;C18_jisan_madoguchi:2;C11_teiki_kensa:2;C21_buppin_hyoji:2;C17_keiyu_teishutsu:1;C03_shomen_kofu:1;C04_genpon_fukusuu:1;C10_jochu_sennin:1
329AC0000000165,自衛隊法,33,14,False,C01_taimen_shutto:9;C02_jicchi_kakunin:4;C03_shomen_kofu:4;C09_keitai_teiji:3;C10_jochu_sennin:2;C22_techo_shohyo:2;C08_kokoku_gentei:2;C19_kaigitai_kaisai:1;C07_butsuri_keiji:1;C18_jisan_madoguchi:1;C17_keiyu_teishutsu:1;C20_shozaichi_kankatsu:1;C06_sonaeoki_etsuran:1;C12_taimen_koshu:1
403AC0000000077,暴力団員による不当な行為の防止等に関する法律,33,14,False,C07_butsuri_keiji:5;C02_jicchi_kakunin:5;C01_taimen_shutto:4;C08_kokoku_gentei:3;C12_taimen_koshu:3;C03_shomen_kofu:3;C09_keitai_teiji:2;C20_shozaichi_kankatsu:2;C04_genpon_fukusuu:1;C13_baitai_shitei:1;C17_keiyu_teishutsu:1;C06_sonaeoki_etsuran:1;C14_yubin_sotatsu:1;C15_koto_yomikikase:1
325AC0000000291,採石法,28,13,False,C09_keitai_teiji:5;C06_sonaeoki_etsuran:5;C04_genpon_fukusuu:4;C01_taimen_shutto:3;C11_teiki_kensa:2;C23_kyotaku_hoshokin:2;C18_jisan_madoguchi:1;C03_shomen_kofu:1;C20_shozaichi_kankatsu:1;C07_butsuri_keiji:1;C17_keiyu_teishutsu:1;C02_jicchi_kakunin:1;C22_techo_shohyo:1
326AC0000000183,道路運送法,27,13,False,C22_techo_shohyo:5;C03_shomen_kofu:4;C18_jisan_madoguchi:3;C06_sonaeoki_etsuran:3;C02_jicchi_kakunin:3;C01_taimen_shutto:2;C11_teiki_kensa:1;C08_kokoku_gentei:1;C07_butsuri_keiji:1;C21_buppin_hyoji:1;C14_yubin_sotatsu:1;C09_keitai_teiji:1;C17_keiyu_teishutsu:1
404AC0000000051,計量法,95,12,False,C11_teiki_kensa:28;C21_buppin_hyoji:26;C20_shozaichi_kankatsu:8;C03_shomen_kofu:8;C02_jicchi_kakunin:6;C06_sonaeoki_etsuran:5;C04_genpon_fukusuu:3;C09_keitai_teiji:3;C17_keiyu_teishutsu:2;C18_jisan_madoguchi:2;C22_techo_shohyo:2;C07_butsuri_keiji:2
417AC0000000050,刑事収容施設及び被収容者等の処遇に関する法律,115,11,False,C18_jisan_madoguchi:26;C03_shomen_kofu:25;C01_taimen_shutto:18;C06_sonaeoki_etsuran:16;C08_kokoku_gentei:7;C02_jicchi_kakunin:6;C04_genpon_fukusuu:6;C07_butsuri_keiji:6;C20_shozaichi_kankatsu:3;C09_keitai_teiji:1;C15_koto_yomikikase:1
322AC0000000165,郵便法,100,11,False,C14_yubin_sotatsu:84;C05_oin_shomei:3;C03_shomen_kofu:2;C22_techo_shohyo:2;C06_sonaeoki_etsuran:2;C07_butsuri_keiji:2;C11_teiki_kensa:1;C01_taimen_shutto:1;C02_jicchi_kakunin:1;C09_keitai_teiji:1;C18_jisan_madoguchi:1
416AC0000000075,破産法,79,11,False,C14_yubin_sotatsu:30;C03_shomen_kofu:19;C19_kaigitai_kaisai:7;C01_taimen_shutto:5;C20_shozaichi_kankatsu:4;C06_sonaeoki_etsuran:4;C18_jisan_madoguchi:3;C23_kyotaku_hoshokin:3;C04_genpon_fukusuu:2;C08_kokoku_gentei:1;C21_buppin_hyoji:1
326AC1000000249,森林法,51,11,False,C03_shomen_kofu:16;C06_sonaeoki_etsuran:11;C02_jicchi_kakunin:5;C23_kyotaku_hoshokin:4;C20_shozaichi_kankatsu:4;C07_butsuri_keiji:4;C09_keitai_teiji:3;C04_genpon_fukusuu:1;C17_keiyu_teishutsu:1;C01_taimen_shutto:1;C08_kokoku_gentei:1
350AC0000000028,作業環境測定法,36,11,False,C12_taimen_koshu:16;C08_kokoku_gentei:4;C02_jicchi_kakunin:4;C06_sonaeoki_etsuran:2;C03_shomen_kofu:2;C09_keitai_teiji:2;C01_taimen_shutto:2;C15_koto_yomikikase:1;C04_genpon_fukusuu:1;C22_techo_shohyo:1;C18_jisan_madoguchi:1
323AC0000000147,検察審査会法,32,11,False,C01_taimen_shutto:7;C24_kuji_hassochakusho:6;C04_genpon_fukusuu:5;C03_shomen_kofu:3;C20_shozaichi_kankatsu:3;C19_kaigitai_kaisai:2;C13_baitai_shitei:2;C05_oin_shomei:1;C15_koto_yomikikase:1;C07_butsuri_keiji:1;C08_kokoku_gentei:1
324AC0000000174,労働組合法,31,11,False,C01_taimen_shutto:7;C03_shomen_kofu:6;C20_shozaichi_kankatsu:5;C18_jisan_madoguchi:3;C09_keitai_teiji:2;C08_kokoku_gentei:2;C05_oin_shomei:2;C19_kaigitai_kaisai:1;C02_jicchi_kakunin:1;C22_techo_shohyo:1;C14_yubin_sotatsu:1
327AC0000000240,破壊活動防止法,28,11,False,C08_kokoku_gentei:7;C01_taimen_shutto:5;C04_genpon_fukusuu:4;C07_butsuri_keiji:2;C03_shomen_kofu:2;C09_keitai_teiji:2;C22_techo_shohyo:2;C19_kaigitai_kaisai:1;C05_oin_shomei:1;C06_sonaeoki_etsuran:1;C17_keiyu_teishutsu:1
423AC0000000052,家事事件手続法,102,10,False,C20_shozaichi_kankatsu:30;C01_taimen_shutto:17;C03_shomen_kofu:13;C14_yubin_sotatsu:8;C18_jisan_madoguchi:8;C04_genpon_fukusuu:7;C19_kaigitai_kaisai:7;C06_sonaeoki_etsuran:5;C23_kyotaku_hoshokin:5;C15_koto_yomikikase:2
332AC0000000166,核原料物質、核燃料物質及び原子炉の規制に関する法律,73,10,False,C06_sonaeoki_etsuran:14;C03_shomen_kofu:13;C02_jicchi_kakunin:13;C09_keitai_teiji:8;C11_teiki_kensa:7;C18_jisan_madoguchi:5;C22_techo_shohyo:4;C08_kokoku_gentei:3;C01_taimen_shutto:3;C21_buppin_hyoji:3
411AC0000000225,民事再生法,71,10,False,C14_yubin_sotatsu:36;C03_shomen_kofu:15;C01_taimen_shutto:5;C04_genpon_fukusuu:4;C20_shozaichi_kankatsu:3;C06_sonaeoki_etsuran:3;C19_kaigitai_kaisai:2;C08_kokoku_gentei:1;C07_butsuri_keiji:1;C23_kyotaku_hoshokin:1
414AC0000000154,会社更生法,56,10,False,C14_yubin_sotatsu:28;C03_shomen_kofu:8;C19_kaigitai_kaisai:4;C06_sonaeoki_etsuran:3;C23_kyotaku_hoshokin:3;C25_kenmen_shoken:3;C20_shozaichi_kankatsu:2;C04_genpon_fukusuu:2;C01_taimen_shutto:2;C08_kokoku_gentei:1
412AC0000000075,犯罪被害者等の権利利益の保護を図るための刑事手続に付随する措置に関する法律,39,10,False,C03_shomen_kofu:10;C06_sonaeoki_etsuran:8;C01_taimen_shutto:4;C04_genpon_fukusuu:4;C14_yubin_sotatsu:4;C17_keiyu_teishutsu:3;C19_kaigitai_kaisai:3;C20_shozaichi_kankatsu:1;C18_jisan_madoguchi:1;C15_koto_yomikikase:1
326AC0000000126,宗教法人法,37,10,False,C20_shozaichi_kankatsu:13;C03_shomen_kofu:6;C18_jisan_madoguchi:5;C04_genpon_fukusuu:4;C08_kokoku_gentei:3;C15_koto_yomikikase:2;C07_butsuri_keiji:1;C06_sonaeoki_etsuran:1;C09_keitai_teiji:1;C01_taimen_shutto:1
324AC1000000205,弁護士法,33,10,False,C03_shomen_kofu:9;C20_shozaichi_kankatsu:8;C08_kokoku_gentei:5;C10_jochu_sennin:2;C04_genpon_fukusuu:2;C18_jisan_madoguchi:2;C01_taimen_shutto:2;C06_sonaeoki_etsuran:1;C14_yubin_sotatsu:1;C19_kaigitai_kaisai:1
411AC0000000147,無差別大量殺人行為を行った団体の規制に関する法律,28,10,False,C03_shomen_kofu:5;C08_kokoku_gentei:5;C02_jicchi_kakunin:4;C01_taimen_shutto:3;C19_kaigitai_kaisai:3;C09_keitai_teiji:2;C22_techo_shohyo:2;C04_genpon_fukusuu:2;C07_butsuri_keiji:1;C05_oin_shomei:1
423AC0000000094,原子力損害賠償・廃炉等支援機構法,25,10,False,C20_shozaichi_kankatsu:5;C18_jisan_madoguchi:4;C19_kaigitai_kaisai:3;C06_sonaeoki_etsuran:3;C01_taimen_shutto:2;C03_shomen_kofu:2;C02_jicchi_kakunin:2;C09_keitai_teiji:2;C17_keiyu_teishutsu:1;C08_kokoku_gentei:1
324CO0000000291,旧日本占領地域に本店を有する会社の本邦内にある財産の整理に関する政令,21,10,False,C18_jisan_madoguchi:5;C06_sonaeoki_etsuran:4;C03_shomen_kofu:4;C09_keitai_teiji:2;C25_kenmen_shoken:1;C04_genpon_fukusuu:1;C23_kyotaku_hoshokin:1;C08_kokoku_gentei:1;C02_jicchi_kakunin:1;C22_techo_shohyo:1
413AC0000000050,確定給付企業年金法,20,10,False,C19_kaigitai_kaisai:6;C18_jisan_madoguchi:3;C20_shozaichi_kankatsu:2;C02_jicchi_kakunin:2;C03_shomen_kofu:2;C08_kokoku_gentei:1;C09_keitai_teiji:1;C22_techo_shohyo:1;C01_taimen_shutto:1;C06_sonaeoki_etsuran:1
506AC0000000038,二酸化炭素の貯留事業に関する法律,20,10,False,C06_sonaeoki_etsuran:5;C09_keitai_teiji:5;C02_jicchi_kakunin:2;C03_shomen_kofu:2;C23_kyotaku_hoshokin:1;C11_teiki_kensa:1;C18_jisan_madoguchi:1;C22_techo_shohyo:1;C01_taimen_shutto:1;C17_keiyu_teishutsu:1
346AC0000000129,沖縄の復帰に伴う特別措置に関する法律,14,10,False,C20_shozaichi_kankatsu:3;C14_yubin_sotatsu:2;C18_jisan_madoguchi:2;C03_shomen_kofu:1;C16_inshi_genkin:1;C22_techo_shohyo:1;C07_butsuri_keiji:1;C09_keitai_teiji:1;C12_taimen_koshu:1;C02_jicchi_kakunin:1
325AC0100000214,文化財保護法,57,9,False,C08_kokoku_gentei:17;C03_shomen_kofu:15;C22_techo_shohyo:8;C18_jisan_madoguchi:5;C09_keitai_teiji:3;C02_jicchi_kakunin:3;C05_oin_shomei:2;C07_butsuri_keiji:2;C01_taimen_shutto:2
414AC0000000088,鳥獣の保護及び管理並びに狩猟の適正化に関する法律,57,9,False,C18_jisan_madoguchi:16;C22_techo_shohyo:14;C09_keitai_teiji:13;C02_jicchi_kakunin:4;C20_shozaichi_kankatsu:3;C03_shomen_kofu:3;C07_butsuri_keiji:2;C06_sonaeoki_etsuran:1;C12_taimen_koshu:1
426AC0000000059,少年鑑別所法,43,9,False,C18_jisan_madoguchi:15;C01_taimen_shutto:11;C03_shomen_kofu:6;C06_sonaeoki_etsuran:5;C02_jicchi_kakunin:2;C08_kokoku_gentei:1;C20_shozaichi_kankatsu:1;C04_genpon_fukusuu:1;C15_koto_yomikikase:1
426AC0000000058,少年院法,40,9,False,C01_taimen_shutto:11;C18_jisan_madoguchi:11;C03_shomen_kofu:6;C06_sonaeoki_etsuran:4;C20_shozaichi_kankatsu:3;C02_jicchi_kakunin:2;C08_kokoku_gentei:1;C04_genpon_fukusuu:1;C15_koto_yomikikase:1
414AC0000000066,国際受刑者移送法,39,9,False,C18_jisan_madoguchi:13;C03_shomen_kofu:9;C01_taimen_shutto:4;C05_oin_shomei:4;C04_genpon_fukusuu:4;C14_yubin_sotatsu:2;C10_jochu_sennin:1;C21_buppin_hyoji:1;C17_keiyu_teishutsu:1
401AC0000000091,民事保全法,36,9,False,C23_kyotaku_hoshokin:10;C14_yubin_sotatsu:6;C20_shozaichi_kankatsu:5;C18_jisan_madoguchi:4;C04_genpon_fukusuu:3;C01_taimen_shutto:3;C03_shomen_kofu:3;C06_sonaeoki_etsuran:1;C09_keitai_teiji:1
325AC0000000292,鉱業等に係る土地利用の調整手続等に関する法律,32,9,False,C14_yubin_sotatsu:8;C04_genpon_fukusuu:8;C03_shomen_kofu:6;C01_taimen_shutto:3;C05_oin_shomei:2;C06_sonaeoki_etsuran:2;C02_jicchi_kakunin:1;C09_keitai_teiji:1;C22_techo_shohyo:1
350AC0000000095,船舶油濁等損害賠償保障法,27,9,False,C03_shomen_kofu:6;C18_jisan_madoguchi:4;C20_shozaichi_kankatsu:4;C14_yubin_sotatsu:3;C22_techo_shohyo:3;C06_sonaeoki_etsuran:3;C02_jicchi_kakunin:2;C23_kyotaku_hoshokin:1;C09_keitai_teiji:1
412AC0000000087,大深度地下の公共的使用に関する特別措置法,27,9,False,C06_sonaeoki_etsuran:5;C03_shomen_kofu:5;C08_kokoku_gentei:4;C02_jicchi_kakunin:3;C18_jisan_madoguchi:3;C17_keiyu_teishutsu:2;C23_kyotaku_hoshokin:2;C01_taimen_shutto:2;C14_yubin_sotatsu:1
418AC0000000087,犯罪被害財産等による被害回復給付金の支給に関する法律,22,9,False,C03_shomen_kofu:7;C08_kokoku_gentei:3;C04_genpon_fukusuu:3;C14_yubin_sotatsu:3;C01_taimen_shutto:2;C05_oin_shomei:1;C07_butsuri_keiji:1;C06_sonaeoki_etsuran:1;C20_shozaichi_kankatsu:1
325CO0000000252,ドイツ財産管理令,19,9,False,C18_jisan_madoguchi:5;C25_kenmen_shoken:5;C06_sonaeoki_etsuran:3;C19_kaigitai_kaisai:1;C03_shomen_kofu:1;C01_taimen_shutto:1;C02_jicchi_kakunin:1;C09_keitai_teiji:1;C22_techo_shohyo:1
327AC0000000140,日本国とアメリカ合衆国との間の相互協力及び安全保障条約第六条に基づく施設及び区域並びに日本国における合衆国軍隊の地位に関する協定の実施に伴う土地等の使用等に関する特別措置法,18,9,False,C03_shomen_kofu:5;C08_kokoku_gentei:4;C06_sonaeoki_etsuran:2;C20_shozaichi_kankatsu:2;C01_taimen_shutto:1;C23_kyotaku_hoshokin:1;C02_jicchi_kakunin:1;C04_genpon_fukusuu:1;C14_yubin_sotatsu:1
413AC0000000102,小型船舶の登録等に関する法律,15,9,False,C09_keitai_teiji:3;C13_baitai_shitei:2;C04_genpon_fukusuu:2;C18_jisan_madoguchi:2;C08_kokoku_gentei:2;C03_shomen_kofu:1;C06_sonaeoki_etsuran:1;C02_jicchi_kakunin:1;C22_techo_shohyo:1
421AC1000000081,水俣病被害者の救済及び水俣病問題の解決に関する特別措置法,15,9,False,C08_kokoku_gentei:4;C02_jicchi_kakunin:2;C09_keitai_teiji:2;C06_sonaeoki_etsuran:2;C22_techo_shohyo:1;C14_yubin_sotatsu:1;C20_shozaichi_kankatsu:1;C04_genpon_fukusuu:1;C03_shomen_kofu:1
416AC0000000045,労働審判法,12,9,False,C14_yubin_sotatsu:3;C01_taimen_shutto:2;C20_shozaichi_kankatsu:1;C03_shomen_kofu:1;C19_kaigitai_kaisai:1;C15_koto_yomikikase:1;C18_jisan_madoguchi:1;C04_genpon_fukusuu:1;C06_sonaeoki_etsuran:1
333AC0000000006,銃砲刀剣類所持等取締法,75,8,False,C20_shozaichi_kankatsu:28;C18_jisan_madoguchi:10;C09_keitai_teiji:10;C12_taimen_koshu:8;C22_techo_shohyo:7;C06_sonaeoki_etsuran:7;C03_shomen_kofu:3;C02_jicchi_kakunin:2
307AC0000000020,手形法,51,8,False,C09_keitai_teiji:20;C05_oin_shomei:19;C04_genpon_fukusuu:7;C18_jisan_madoguchi:1;C23_kyotaku_hoshokin:1;C14_yubin_sotatsu:1;C22_techo_shohyo:1;C16_inshi_genkin:1
416AC0000000063,裁判員の参加する刑事裁判に関する法律,45,8,False,C01_taimen_shutto:21;C19_kaigitai_kaisai:10;C24_kuji_hassochakusho:4;C06_sonaeoki_etsuran:3;C14_yubin_sotatsu:3;C13_baitai_shitei:2;C18_jisan_madoguchi:1;C15_koto_yomikikase:1
412AC1000000082,児童虐待の防止等に関する法律,38,8,False,C02_jicchi_kakunin:19;C01_taimen_shutto:5;C22_techo_shohyo:4;C03_shomen_kofu:2;C05_oin_shomei:2;C20_shozaichi_kankatsu:2;C09_keitai_teiji:2;C18_jisan_madoguchi:2
430AC0000000049,所有者不明土地の利用の円滑化等に関する特別措置法,33,8,False,C20_shozaichi_kankatsu:7;C02_jicchi_kakunin:6;C03_shomen_kofu:6;C06_sonaeoki_etsuran:5;C09_keitai_teiji:4;C23_kyotaku_hoshokin:2;C18_jisan_madoguchi:2;C07_butsuri_keiji:1
325AC0000000149,火薬類取締法,32,8,False,C09_keitai_teiji:8;C18_jisan_madoguchi:7;C22_techo_shohyo:6;C06_sonaeoki_etsuran:4;C02_jicchi_kakunin:3;C11_teiki_kensa:2;C03_shomen_kofu:1;C08_kokoku_gentei:1
416AC0000000031,国際航海船舶及び国際港湾施設の保安の確保等に関する法律,32,8,False,C06_sonaeoki_etsuran:10;C18_jisan_madoguchi:10;C12_taimen_koshu:3;C03_shomen_kofu:3;C02_jicchi_kakunin:3;C11_teiki_kensa:1;C22_techo_shohyo:1;C09_keitai_teiji:1
322AC0000000049,労働基準法,30,8,False,C03_shomen_kofu:17;C06_sonaeoki_etsuran:4;C02_jicchi_kakunin:3;C01_taimen_shutto:2;C24_kuji_hassochakusho:1;C09_keitai_teiji:1;C22_techo_shohyo:1;C07_butsuri_keiji:1
345AC0000000108,公害紛争処理法,26,8,False,C03_shomen_kofu:7;C02_jicchi_kakunin:6;C01_taimen_shutto:5;C14_yubin_sotatsu:3;C04_genpon_fukusuu:2;C17_keiyu_teishutsu:1;C19_kaigitai_kaisai:1;C05_oin_shomei:1
361AC0000000066,外国弁護士による法律事務の取扱い等に関する法律,25,8,False,C03_shomen_kofu:10;C17_keiyu_teishutsu:5;C08_kokoku_gentei:3;C01_taimen_shutto:2;C19_kaigitai_kaisai:2;C14_yubin_sotatsu:1;C07_butsuri_keiji:1;C04_genpon_fukusuu:1
411AC0000000137,犯罪捜査のための通信傍受に関する法律,24,8,False,C13_baitai_shitei:4;C01_taimen_shutto:4;C21_buppin_hyoji:4;C03_shomen_kofu:4;C06_sonaeoki_etsuran:4;C05_oin_shomei:2;C04_genpon_fukusuu:1;C20_shozaichi_kankatsu:1
321AC0000000040,企業再建整備法,23,8,False,C03_shomen_kofu:9;C06_sonaeoki_etsuran:6;C18_jisan_madoguchi:2;C20_shozaichi_kankatsu:2;C25_kenmen_shoken:1;C02_jicchi_kakunin:1;C09_keitai_teiji:1;C22_techo_shohyo:1
416AC0000000116,武力攻撃事態及び存立危機事態における外国軍用品等の海上輸送の規制に関する法律,22,8,False,C03_shomen_kofu:7;C01_taimen_shutto:5;C18_jisan_madoguchi:3;C02_jicchi_kakunin:2;C09_keitai_teiji:2;C21_buppin_hyoji:1;C04_genpon_fukusuu:1;C06_sonaeoki_etsuran:1
322AC1000000079,国会法,21,8,False,C01_taimen_shutto:7;C17_keiyu_teishutsu:5;C22_techo_shohyo:4;C05_oin_shomei:1;C08_kokoku_gentei:1;C15_koto_yomikikase:1;C24_kuji_hassochakusho:1;C03_shomen_kofu:1
415AC0000000077,特定都市河川浸水被害対策法,21,8,False,C03_shomen_kofu:6;C06_sonaeoki_etsuran:5;C02_jicchi_kakunin:4;C09_keitai_teiji:2;C07_butsuri_keiji:1;C04_genpon_fukusuu:1;C18_jisan_madoguchi:1;C22_techo_shohyo:1
322IO0000000074,閉鎖機関令,20,8,False,C20_shozaichi_kankatsu:5;C18_jisan_madoguchi:3;C03_shomen_kofu:3;C06_sonaeoki_etsuran:3;C19_kaigitai_kaisai:3;C01_taimen_shutto:1;C25_kenmen_shoken:1;C23_kyotaku_hoshokin:1
325AC1000000137,漁港及び漁場の整備等に関する法律,19,8,False,C02_jicchi_kakunin:5;C06_sonaeoki_etsuran:4;C09_keitai_teiji:3;C22_techo_shohyo:3;C01_taimen_shutto:1;C19_kaigitai_kaisai:1;C20_shozaichi_kankatsu:1;C23_kyotaku_hoshokin:1
407AC0000000086,更生保護事業法,19,8,False,C06_sonaeoki_etsuran:6;C20_shozaichi_kankatsu:3;C18_jisan_madoguchi:2;C08_kokoku_gentei:2;C03_shomen_kofu:2;C02_jicchi_kakunin:2;C01_taimen_shutto:1;C09_keitai_teiji:1
345AC1000000096,電気工事業の業務の適正化に関する法律,18,8,False,C18_jisan_madoguchi:4;C06_sonaeoki_etsuran:3;C20_shozaichi_kankatsu:2;C22_techo_shohyo:2;C04_genpon_fukusuu:2;C07_butsuri_keiji:2;C09_keitai_teiji:2;C02_jicchi_kakunin:1
348AC0000000111,公害健康被害の補償等に関する法律,18,8,False,C01_taimen_shutto:4;C22_techo_shohyo:3;C09_keitai_teiji:3;C03_shomen_kofu:3;C02_jicchi_kakunin:2;C14_yubin_sotatsu:1;C19_kaigitai_kaisai:1;C06_sonaeoki_etsuran:1
423AC0000000123,津波防災地域づくりに関する法律,18,8,False,C03_shomen_kofu:5;C02_jicchi_kakunin:4;C06_sonaeoki_etsuran:4;C09_keitai_teiji:1;C07_butsuri_keiji:1;C04_genpon_fukusuu:1;C18_jisan_madoguchi:1;C22_techo_shohyo:1
328AC0000000196,信用保証協会法,17,8,False,C20_shozaichi_kankatsu:4;C06_sonaeoki_etsuran:3;C18_jisan_madoguchi:2;C08_kokoku_gentei:2;C02_jicchi_kakunin:2;C09_keitai_teiji:2;C22_techo_shohyo:1;C17_keiyu_teishutsu:1
336AC0000000150,公共用地の取得に関する特別措置法,17,8,False,C03_shomen_kofu:7;C06_sonaeoki_etsuran:3;C23_kyotaku_hoshokin:2;C10_jochu_sennin:1;C20_shozaichi_kankatsu:1;C08_kokoku_gentei:1;C04_genpon_fukusuu:1;C14_yubin_sotatsu:1
322AC1000000137,裁判官弾劾法,15,8,False,C01_taimen_shutto:5;C17_keiyu_teishutsu:2;C04_genpon_fukusuu:2;C14_yubin_sotatsu:2;C03_shomen_kofu:1;C19_kaigitai_kaisai:1;C05_oin_shomei:1;C08_kokoku_gentei:1
335AC0000000084,住宅地区改良法,15,8,False,C06_sonaeoki_etsuran:3;C02_jicchi_kakunin:3;C07_butsuri_keiji:2;C09_keitai_teiji:2;C18_jisan_madoguchi:2;C08_kokoku_gentei:1;C17_keiyu_teishutsu:1;C20_shozaichi_kankatsu:1
324AC0000000070,鉱山保安法,14,8,False,C02_jicchi_kakunin:4;C09_keitai_teiji:3;C03_shomen_kofu:2;C11_teiki_kensa:1;C10_jochu_sennin:1;C17_keiyu_teishutsu:1;C01_taimen_shutto:1;C22_techo_shohyo:1
410AC1000000132,金融機能の再生のための緊急措置に関する法律,12,8,False,C20_shozaichi_kankatsu:2;C04_genpon_fukusuu:2;C25_kenmen_shoken:2;C03_shomen_kofu:2;C01_taimen_shutto:1;C02_jicchi_kakunin:1;C09_keitai_teiji:1;C18_jisan_madoguchi:1
419AC0000000022,犯罪による収益の移転防止に関する法律,12,8,False,C09_keitai_teiji:2;C14_yubin_sotatsu:2;C17_keiyu_teishutsu:2;C18_jisan_madoguchi:2;C13_baitai_shitei:1;C04_genpon_fukusuu:1;C06_sonaeoki_etsuran:1;C02_jicchi_kakunin:1
322AC0000000234,理容師法,11,8,False,C02_jicchi_kakunin:3;C06_sonaeoki_etsuran:2;C09_keitai_teiji:1;C22_techo_shohyo:1;C18_jisan_madoguchi:1;C03_shomen_kofu:1;C10_jochu_sennin:1;C12_taimen_koshu:1
332AC1000000163,美容師法,11,8,False,C02_jicchi_kakunin:3;C06_sonaeoki_etsuran:2;C09_keitai_teiji:1;C22_techo_shohyo:1;C18_jisan_madoguchi:1;C03_shomen_kofu:1;C10_jochu_sennin:1;C12_taimen_koshu:1
329AC0000000205,日本中央競馬会法,10,8,False,C19_kaigitai_kaisai:2;C01_taimen_shutto:2;C03_shomen_kofu:1;C06_sonaeoki_etsuran:1;C08_kokoku_gentei:1;C02_jicchi_kakunin:1;C09_keitai_teiji:1;C22_techo_shohyo:1
358AC0000000025,技術士法,10,8,False,C06_sonaeoki_etsuran:2;C02_jicchi_kakunin:2;C09_keitai_teiji:1;C08_kokoku_gentei:1;C01_taimen_shutto:1;C18_jisan_madoguchi:1;C22_techo_shohyo:1;C04_genpon_fukusuu:1
414AC0000000099,民間事業者による信書の送達に関する法律,53,7,False,C14_yubin_sotatsu:43;C03_shomen_kofu:2;C06_sonaeoki_etsuran:2;C07_butsuri_keiji:2;C09_keitai_teiji:2;C18_jisan_madoguchi:1;C02_jicchi_kakunin:1
324CO0000000310,連合国財産である株式の回復に関する政令,33,7,False,C25_kenmen_shoken:19;C18_jisan_madoguchi:9;C17_keiyu_teishutsu:1;C01_taimen_shutto:1;C09_keitai_teiji:1;C22_techo_shohyo:1;C02_jicchi_kakunin:1
412AC0000000129,外国倒産処理手続の承認援助に関する法律,27,7,False,C14_yubin_sotatsu:15;C06_sonaeoki_etsuran:3;C20_shozaichi_kankatsu:2;C04_genpon_fukusuu:2;C03_shomen_kofu:2;C07_butsuri_keiji:2;C08_kokoku_gentei:1
350AC0000000094,船舶の所有者等の責任の制限に関する法律,25,7,False,C23_kyotaku_hoshokin:11;C14_yubin_sotatsu:5;C20_shozaichi_kankatsu:3;C03_shomen_kofu:2;C01_taimen_shutto:2;C08_kokoku_gentei:1;C19_kaigitai_kaisai:1
416AC0000000110,景観法,25,7,False,C06_sonaeoki_etsuran:9;C09_keitai_teiji:4;C03_shomen_kofu:4;C02_jicchi_kakunin:3;C18_jisan_madoguchi:2;C04_genpon_fukusuu:2;C07_butsuri_keiji:1
413AC0000000057,自動車運転代行業の業務の適正化に関する法律,24,7,False,C20_shozaichi_kankatsu:6;C03_shomen_kofu:5;C06_sonaeoki_etsuran:5;C07_butsuri_keiji:4;C02_jicchi_kakunin:2;C09_keitai_teiji:1;C22_techo_shohyo:1
212AC0000000050,陪審法,23,7,False,C01_taimen_shutto:8;C05_oin_shomei:4;C04_genpon_fukusuu:3;C15_koto_yomikikase:3;C14_yubin_sotatsu:2;C06_sonaeoki_etsuran:2;C22_techo_shohyo:1
321AC0000000039,金融機関再建整備法,21,7,False,C03_shomen_kofu:9;C25_kenmen_shoken:5;C20_shozaichi_kankatsu:2;C06_sonaeoki_etsuran:2;C18_jisan_madoguchi:1;C22_techo_shohyo:1;C16_inshi_genkin:1
353AC0000000080,職員団体等に対する法人格の付与に関する法律,21,7,False,C20_shozaichi_kankatsu:9;C03_shomen_kofu:4;C19_kaigitai_kaisai:2;C18_jisan_madoguchi:2;C08_kokoku_gentei:2;C06_sonaeoki_etsuran:1;C01_taimen_shutto:1
341AC0000000126,入会林野等に係る権利関係の近代化の助長に関する法律,20,7,False,C20_shozaichi_kankatsu:4;C03_shomen_kofu:4;C23_kyotaku_hoshokin:4;C06_sonaeoki_etsuran:3;C09_keitai_teiji:2;C02_jicchi_kakunin:2;C04_genpon_fukusuu:1
350AC0000000084,石油コンビナート等災害防止法,18,7,False,C02_jicchi_kakunin:6;C03_shomen_kofu:4;C06_sonaeoki_etsuran:4;C04_genpon_fukusuu:1;C11_teiki_kensa:1;C10_jochu_sennin:1;C09_keitai_teiji:1
407AC0000000065,化学兵器の禁止及び特定物質の規制等に関する法律,18,7,False,C01_taimen_shutto:4;C02_jicchi_kakunin:4;C09_keitai_teiji:3;C21_buppin_hyoji:3;C22_techo_shohyo:2;C18_jisan_madoguchi:1;C03_shomen_kofu:1
416AC0000000143,経済連携協定に基づく特定原産地証明書の発給等に関する法律,18,7,False,C03_shomen_kofu:5;C02_jicchi_kakunin:4;C18_jisan_madoguchi:2;C06_sonaeoki_etsuran:2;C09_keitai_teiji:2;C22_techo_shohyo:2;C08_kokoku_gentei:1
336AC0000000191,宅地造成及び特定盛土等規制法,16,7,False,C02_jicchi_kakunin:5;C18_jisan_madoguchi:4;C03_shomen_kofu:2;C22_techo_shohyo:2;C20_shozaichi_kankatsu:1;C09_keitai_teiji:1;C07_butsuri_keiji:1
425AC0000000055,大規模災害からの復興に関する法律,16,7,False,C17_keiyu_teishutsu:6;C02_jicchi_kakunin:4;C20_shozaichi_kankatsu:2;C04_genpon_fukusuu:1;C03_shomen_kofu:1;C06_sonaeoki_etsuran:1;C09_keitai_teiji:1
412AC0000000117,特定放射性廃棄物の最終処分に関する法律,15,7,False,C02_jicchi_kakunin:5;C06_sonaeoki_etsuran:4;C09_keitai_teiji:2;C20_shozaichi_kankatsu:1;C03_shomen_kofu:1;C08_kokoku_gentei:1;C18_jisan_madoguchi:1
428AC0100000110,民間あっせん機関による養子縁組のあっせんに係る児童の保護等に関する法律,15,7,False,C02_jicchi_kakunin:3;C06_sonaeoki_etsuran:3;C03_shomen_kofu:2;C09_keitai_teiji:2;C18_jisan_madoguchi:2;C22_techo_shohyo:2;C20_shozaichi_kankatsu:1
323AC0000000130,船員職業安定法,14,7,False,C06_sonaeoki_etsuran:3;C09_keitai_teiji:3;C02_jicchi_kakunin:2;C18_jisan_madoguchi:2;C22_techo_shohyo:2;C01_taimen_shutto:1;C03_shomen_kofu:1
325AC1000000207,クリーニング業法,14,7,False,C18_jisan_madoguchi:4;C02_jicchi_kakunin:3;C06_sonaeoki_etsuran:2;C12_taimen_koshu:2;C10_jochu_sennin:1;C03_shomen_kofu:1;C09_keitai_teiji:1
326AC0000000201,検疫法,14,7,False,C18_jisan_madoguchi:6;C20_shozaichi_kankatsu:2;C09_keitai_teiji:2;C07_butsuri_keiji:1;C15_koto_yomikikase:1;C22_techo_shohyo:1;C02_jicchi_kakunin:1
335AC0000000139,電気工事士法,14,7,False,C18_jisan_madoguchi:4;C22_techo_shohyo:3;C09_keitai_teiji:2;C06_sonaeoki_etsuran:2;C12_taimen_koshu:1;C02_jicchi_kakunin:1;C08_kokoku_gentei:1
